"position","reference.nt","Altered nt.","iupac","number of changes","mutation percentage"
21,"C","C,A,G,T,","N","3",1.26964735033131
22,"A","A,C,G,T,","N","3",0.149976154083283
25,"T","T,C,A,G,","N","3",0.101160958405981
44,"C","C,A,G,T,","N","3",4.19637072296239
66,"C","C,A,G,T,","N","3",0.164754932690906
72,"G","G,C,A,T,","N","3",0.131871056104941
100,"C","C,A,G,T,","N","3",0.183910447312633
106,"C","C,A,G,T,","N","3",0.255367957302898
140,"C","C,A,G,T,","N","3",0.282693379150951
174,"G","G,C,A,T,","N","3",0.413980870454012
186,"C","C,A,G,T,","N","3",0.254580144820359
193,"C","C,A,G,T,","N","3",0.127961171932342
201,"T","T,C,A,G,","N","3",0.107200854105444
203,"C","C,A,G,T,","N","3",0.770378484082468
204,"G","G,C,A,T,","N","3",0.989580012788823
209,"T","T,C,A,G,","N","3",0.159677918914546
210,"G","G,C,A,T,","N","3",33.2868864381437
219,"G","G,C,A,T,","N","3",0.140376513092349
222,"C","C,A,G,T,","N","3",0.836219182854633
241,"C","C,A,G,T,","N","3",98.8011244710167
313,"C","C,A,G,T,","N","3",0.733234584442775
335,"C","C,A,G,T,","N","3",0.247022980636007
337,"C","C,A,G,T,","N","3",0.246293524633656
346,"C","C,A,G,T,","N","3",0.254492610100077
347,"G","G,C,A,T,","N","3",0.10477906017764
376,"G","G,C,A,T,","N","3",0.128821930015116
445,"T","T,C,A,G,","N","3",1.73196197550107
526,"G","G,C,A,T,","N","3",0.685469805408858
529,"G","G,C,A,T,","N","3",0.114189042607963
556,"C","C,A,T,","H","2",0.106062902741777
583,"C","C,A,G,T,","N","3",0.187747385884997
593,"C","C,A,G,T,","N","3",0.255251244342522
601,"C","C,A,G,T,","N","3",0.140405691332443
613,"G","G,A,T,","D","2",0.104939540498157
625,"G","G,C,A,T,","N","3",0.164375615569684
635,"C","C,A,G,T,","N","3",0.158175239549704
670,"T","T,C,A,G,","N","3",29.1469901988833
683,"C","C,A,G,T,","N","3",0.305715010585136
733,"T","T,C,A,G,","N","3",1.02342677129789
745,"C","C,A,G,T,","N","3",0.363765119252197
761,"A","A,C,G,T,","N","3",0.102255142409507
815,"C","C,A,G,T,","N","3",0.105668996500508
823,"C","C,A,G,T,","N","3",0.382906044753876
826,"T","T,C,A,G,","N","3",0.169613109666561
829,"C","C,A,G,T,","N","3",0.494498223993471
832,"C","C,A,G,T,","N","3",0.148648544159005
835,"C","C,A,G,T,","N","3",0.232433860588995
884,"C","C,A,G,T,","N","3",0.435981263484906
913,"C","C,A,G,T,","N","3",11.8981130869805
920,"C","C,A,G,T,","N","3",0.114612127089326
934,"C","C,A,G,T,","N","3",0.155490841461054
936,"C","C,A,G,T,","N","3",0.27420251128359
1048,"G","G,C,A,T,","N","3",1.55363916116645
1059,"C","C,A,G,T,","N","3",3.61229530188026
1060,"C","C,A,G,T,","N","3",0.158394076350409
1063,"C","C,A,G,T,","N","3",0.113415819245471
1102,"C","C,A,G,T,","N","3",0.102357266249836
1154,"A","A,C,G,T,","N","3",0.124095055119884
1163,"A","A,C,G,T,","N","3",0.217655081981372
1170,"C","C,A,G,T,","N","3",0.215510481334461
1190,"C","C,A,G,T,","N","3",0.166082542615184
1191,"C","C,A,G,T,","N","3",0.989565423668776
1218,"C","C,A,G,T,","N","3",0.149100806880462
1263,"C","C,A,G,T,","N","3",0.168475158302894
1267,"C","C,A,G,T,","N","3",0.807784987883006
1274,"G","G,C,A,T,","N","3",0.12675027496844
1281,"C","C,A,G,T,","N","3",0.139515755009576
1288,"C","C,A,G,T,","N","3",0.246687430874926
1348,"C","C,A,G,T,","N","3",0.125510199764444
1385,"C","C,A,G,T,","N","3",0.164098422288791
1387,"C","C,A,G,T,","N","3",0.152762676012262
1404,"C","C,A,G,T,","N","3",0.243098507343361
1420,"C","C,A,G,T,","N","3",0.241435347658001
1426,"C","C,T,","Y","1",0.176280337528046
1427,"C","C,A,G,T,","N","3",0.121016750789964
1437,"C","C,A,G,T,","N","3",0.102838707211387
1457,"C","C,A,G,T,","N","3",0.107769829787278
1471,"C","C,A,G,T,","N","3",0.178920968256555
1473,"C","C,A,G,T,","N","3",0.276726429051723
1513,"C","C,G,T,","B","2",0.184012571152962
1514,"C","C,A,G,T,","N","3",0.152543839211557
1585,"A","A,C,G,T,","N","3",0.291972059500851
1593,"C","C,A,G,T,","N","3",0.263391973328754
1594,"C","C,A,G,T,","N","3",0.259234074115356
1623,"T","T,C,A,G,","N","3",0.109009904991274
1627,"C","C,A,G,T,","N","3",7.00269008784547
1643,"A","A,C,G,T,","N","3",0.319822689670597
1684,"C","C,A,G,T,","N","3",0.61261173989408
1722,"C","C,A,G,T,","N","3",0.102546924810447
1729,"G","G,C,A,T,","N","3",0.414112172534435
1738,"G","G,C,A,T,","N","3",0.375159222008913
1741,"A","A,C,G,T,","N","3",0.223986760081775
1758,"C","C,A,G,T,","N","3",0.364698822935206
1820,"G","G,C,A,T,","N","3",0.806632447399292
1825,"C","C,A,T,","H","2",0.124532728721294
1877,"T","T,C,A,G,","N","3",0.138013075644733
1884,"C","C,A,G,T,","N","3",0.143804956303397
1912,"C","C,A,G,T,","N","3",0.484869404762443
1927,"T","T,C,A,G,","N","3",0.250947453928653
1931,"C","C,A,G,T,","N","3",1.53724099023361
1947,"T","T,C,A,G,","N","3",0.154134053296682
2003,"C","C,A,G,T,","N","3",0.109987376034423
2012,"G","G,A,T,","D","2",0.123599025038286
2037,"C","C,A,G,T,","N","3",0.138217323325391
2061,"C","C,A,G,T,","N","3",0.426410800734066
2062,"C","C,A,G,T,","N","3",0.179446176578247
2083,"T","T,C,A,G,","N","3",0.208157564830767
2091,"C","C,A,G,T,","N","3",0.136787589560784
2094,"C","C,A,G,T,","N","3",0.119907977666391
2106,"C","C,A,G,T,","N","3",0.113838903726834
2110,"C","C,A,G,T,","N","3",1.84823726227576
2113,"C","C,A,G,T,","N","3",0.12758185481112
2144,"G","G,C,A,T,","N","3",0.115647954612664
2189,"C","C,A,G,T,","N","3",0.215685550775025
2202,"G","G,T,","K","1",0.120433185988084
2232,"C","C,A,G,T,","N","3",0.133767641711053
2246,"G","G,C,A,T,","N","3",0.176382461368375
2258,"G","G,C,A,T,","N","3",0.258344137792488
2272,"G","G,C,A,T,","N","3",0.116552480055579
2276,"A","A,C,G,T,","N","3",0.169073312224822
2305,"G","G,C,A,T,","N","3",0.202248971211727
2306,"C","C,A,G,T,","N","3",0.15463008337828
2308,"T","T,C,A,G,","N","3",0.120068457986909
2334,"C","C,A,G,T,","N","3",0.167483098139698
2336,"G","G,C,A,T,","N","3",0.241654184458706
2338,"C","C,A,G,T,","N","3",0.125743625685196
2388,"C","C,A,G,T,","N","3",0.14252111373926
2395,"C","C,A,G,T,","N","3",0.436491882686551
2401,"C","C,A,G,T,","N","3",0.268483576225162
2416,"C","C,G,T,","B","2",0.194691807027375
2445,"C","C,A,G,T,","N","3",0.181663722825393
2453,"C","C,A,G,T,","N","3",0.92382684873694
2455,"C","C,A,G,T,","N","3",0.162128891082444
2470,"C","C,A,T,","H","2",6.82570947255517
2485,"C","C,A,G,T,","N","3",0.231996186987585
2509,"C","C,A,G,T,","N","3",0.458944538438903
2518,"G","G,C,A,T,","N","3",0.357185426110994
2536,"C","C,A,G,T,","N","3",0.139720002690234
2564,"G","G,C,A,T,","N","3",0.279323292420091
2597,"T","T,C,A,G,","N","3",0.320552145672947
2623,"C","C,A,G,T,","N","3",0.120593666308601
2644,"C","C,A,G,T,","N","3",0.102007127368708
2659,"G","G,C,A,T,","N","3",0.14379036718335
2692,"A","A,C,G,T,","N","3",0.128967821215586
2695,"C","C,G,T,","B","2",0.158043937469281
2698,"T","T,C,A,","H","2",0.128471791133987
2706,"C","C,A,G,T,","N","3",0.255265833462569
2710,"C","C,A,G,T,","N","3",0.21111915620031
2746,"T","T,C,A,G,","N","3",0.194443791986576
2749,"C","C,A,G,T,","N","3",1.06458267895051
2782,"G","G,C,A,T,","N","3",0.124007520399602
2790,"C","C,A,G,T,","N","3",29.3052675622733
2832,"A","A,C,G,T,","N","3",12.6180278048203
2841,"C","C,A,G,T,","N","3",0.107200854105444
2842,"C","C,A,G,T,","N","3",0.145424348628615
2902,"C","C,A,T,","H","2",0.206012964183856
2910,"C","C,A,G,T,","N","3",0.111446288039125
2911,"T","T,C,A,G,","N","3",0.315679379577245
2944,"G","G,C,A,T,","N","3",0.187426425243963
2954,"T","T,C,A,G,","N","3",1.00955251813318
2973,"C","C,A,G,T,","N","3",0.219376598146919
2974,"T","T,C,A,","H","2",0.128136241372906
3004,"G","G,C,A,T,","N","3",0.185515250517804
3037,"C","C,A,G,T,","N","3",99.4653962849973
3045,"C","C,A,G,T,","N","3",0.112029852841005
3069,"A","A,C,G,T,","N","3",0.11532699397163
3096,"C","C,A,T,","H","2",0.454961708666069
3140,"C","C,A,G,T,","N","3",0.378718967300384
3176,"C","C,A,G,T,","N","3",0.109199563551885
3177,"C","C,A,G,T,","N","3",0.528359571622586
3241,"C","C,A,G,T,","N","3",0.698760493771686
3250,"G","G,C,A,T,","N","3",0.125801982165384
3256,"T","T,C,A,G,","N","3",0.100008417922267
3259,"G","G,C,A,T,","N","3",0.157795922428482
3261,"C","C,A,G,T,","N","3",0.141645766536439
3264,"C","C,A,G,T,","N","3",0.104822827537781
3267,"C","C,A,G,T,","N","3",11.9543687338818
3330,"C","C,A,G,T,","N","3",0.100168898242784
3340,"G","G,C,A,T,","N","3",0.11127121859856
3411,"C","C,A,G,T,","N","3",0.142039672777709
3428,"A","A,C,G,T,","N","3",0.132192016745976
3431,"G","G,C,A,T,","N","3",0.106471398103093
3536,"A","A,C,G,T,","N","3",0.236533403322205
3587,"C","C,A,T,","H","2",0.100504448003866
3602,"C","C,A,G,T,","N","3",0.320493789192759
3619,"C","C,A,G,T,","N","3",0.180861321222808
3638,"G","G,C,A,T,","N","3",0.212767726765623
3644,"G","G,C,A,T,","N","3",0.129624331617701
3653,"C","C,A,G,T,","N","3",0.161910054281739
3692,"G","G,C,A,T,","N","3",0.125101704403128
3695,"C","C,A,G,T,","N","3",0.131024887142215
3737,"C","C,A,G,T,","N","3",0.108017844828077
3738,"C","C,A,G,T,","N","3",0.128603093214411
3743,"C","C,A,G,T,","N","3",0.132002358185364
3768,"C","C,A,G,T,","N","3",0.200906772167402
3784,"C","C,A,G,T,","N","3",0.105581461780226
3787,"C","C,A,T,","H","2",0.136408272439562
3796,"C","C,A,G,T,","N","3",0.217056928059444
3809,"C","C,A,G,T,","N","3",0.149173752480698
3811,"C","C,A,G,T,","N","3",0.223870047121399
3817,"C","C,A,G,T,","N","3",0.186419775960719
3828,"C","C,A,G,T,","N","3",1.10977977285615
3838,"G","G,C,A,T,","N","3",0.116785905976331
3859,"A","A,C,G,T,","N","3",0.544290890713923
3871,"G","G,C,A,T,","N","3",0.263683755729695
3874,"C","C,A,G,T,","N","3",0.154309122737246
3875,"G","G,C,A,T,","N","3",0.102882474571528
3877,"T","T,C,A,G,","N","3",0.269008784546854
3923,"C","C,A,G,T,","N","3",0.17010913974816
3927,"C","C,A,T,","H","2",0.189206297889698
3948,"A","A,C,G,T,","N","3",1.2018371203528
3961,"C","C,A,G,T,","N","3",0.121410657031234
3984,"C","C,A,T,","H","2",0.159502849473982
3994,"G","G,C,A,T,","N","3",0.16180793044141
4002,"C","C,A,G,T,","N","3",0.246526950554408
4012,"C","C,A,G,T,","N","3",0.102255142409507
4084,"C","C,A,G,T,","N","3",0.227108831771835
4113,"C","C,A,G,T,","N","3",0.148998683040133
4136,"G","G,C,A,T,","N","3",0.18407092763315
4158,"C","C,A,G,T,","N","3",0.183385238990941
4181,"G","G,C,A,T,","N","3",29.4165533699919
4183,"T","T,C,A,G,","N","3",0.101846647048191
4184,"G","G,C,A,T,","N","3",29.3067118851579
4206,"C","C,A,G,T,","N","3",0.123175940556922
4237,"T","T,C,A,G,","N","3",0.722963843929679
4255,"G","G,C,A,T,","N","3",0.341443765580268
4276,"C","C,A,T,","H","2",0.208376401631472
4300,"G","G,C,A,T,","N","3",0.155286593780396
4320,"C","C,A,G,T,","N","3",0.172633057516293
4321,"C","C,A,G,T,","N","3",29.5561128923616
4331,"C","C,A,G,T,","N","3",0.206202622744467
4333,"A","A,C,G,T,","N","3",0.125568556244632
4346,"T","T,C,A,G,","N","3",0.153492132014613
4405,"A","A,C,G,T,","N","3",0.14222933133832
4444,"G","G,C,A,T,","N","3",0.133840587311288
4455,"C","C,A,G,T,","N","3",0.156701738424956
4456,"C","C,A,G,T,","N","3",0.297092840637352
4510,"G","G,C,A,T,","N","3",0.118055159420421
4540,"C","C,A,T,","H","2",0.228888704417571
4543,"C","C,A,G,T,","N","3",0.594885959036961
4551,"C","C,A,G,T,","N","3",0.110220801955176
4579,"T","T,C,A,G,","N","3",0.24446988462778
4582,"C","C,A,G,T,","N","3",0.305569119384666
4586,"C","C,A,G,T,","N","3",0.301513344011597
4752,"C","C,A,G,T,","N","3",0.277251637373416
4784,"C","C,A,G,T,","N","3",0.146358052311624
4794,"C","C,A,G,T,","N","3",0.10282411809134
4795,"C","C,A,G,T,","N","3",0.150399238564647
4832,"C","C,A,G,T,","N","3",0.134263671792651
4838,"A","A,C,G,T,","N","3",0.164448561169919
4878,"C","C,A,G,T,","N","3",0.15800017010914
4890,"C","C,A,G,T,","N","3",0.135985187958199
4891,"C","C,A,T,","H","2",0.301075670410186
4893,"C","C,A,G,T,","N","3",0.372912497521673
4900,"C","C,A,G,T,","N","3",0.203693294096381
4906,"T","T,C,A,G,","N","3",0.393089250546691
4927,"C","C,A,G,T,","N","3",0.334090849076574
4965,"C","C,A,T,","H","2",0.148152514077407
4975,"G","G,C,A,T,","N","3",0.128865697375257
4999,"C","C,A,G,T,","N","3",0.16605336437509
5008,"G","G,C,A,T,","N","3",0.105508516179991
5023,"G","G,C,A,T,","N","3",0.154878098419079
5025,"C","C,A,G,T,","N","3",0.118974273983383
5041,"A","A,C,G,T,","N","3",0.146153804630966
5055,"C","C,A,G,T,","N","3",0.116800495096378
5144,"C","C,A,G,T,","N","3",0.305539941144572
5164,"G","G,A,T,","D","2",0.367777127265125
5170,"C","C,T,","Y","1",0.116129395574215
5173,"C","C,A,T,","H","2",0.121877508872738
5175,"C","C,A,T,","H","2",0.105654407380461
5183,"C","C,A,G,T,","N","3",0.381855628110492
5184,"C","C,A,G,T,","N","3",3.43670065299442
5192,"C","C,A,T,","H","2",0.21024380899749
5230,"G","G,C,A,T,","N","3",0.265142667734396
5239,"C","C,A,T,","H","2",1.34793256850358
5284,"C","C,T,","Y","1",0.958884504209909
5310,"C","C,A,T,","H","2",0.171932779754036
5339,"C","C,A,G,T,","N","3",0.100927532485229
5365,"C","C,A,G,T,","N","3",0.851639882744324
5386,"T","T,C,A,G,","N","3",12.9197599856326
5388,"C","C,A,G,T,","N","3",11.8745370689845
5392,"C","C,A,T,","H","2",0.23079987914373
5437,"G","G,C,A,T,","N","3",0.295517215672275
5497,"C","C,A,G,T,","N","3",0.376545188413379
5512,"C","C,A,G,T,","N","3",0.575642909694952
5514,"T","T,C,A,G,","N","3",1.21743288968306
5515,"G","G,C,A,T,","N","3",0.474744555449817
5526,"C","C,A,G,T,","N","3",0.175142386164379
5539,"G","G,C,A,T,","N","3",0.164754932690906
5581,"C","C,A,G,T,","N","3",0.125130882643222
5584,"A","A,C,G,T,","N","3",2.45976940728636
5622,"C","C,A,G,T,","N","3",0.16263951028409
5629,"G","G,C,A,T,","N","3",0.472235226801731
5638,"A","A,C,G,T,","N","3",0.214956094772675
5648,"A","A,C,G,T,","N","3",1.02891228043557
5653,"T","T,C,A,G,","N","3",0.110352104035599
5654,"C","C,A,G,T,","N","3",0.101000478085464
5672,"C","C,A,G,T,","N","3",0.229005417377947
5730,"C","C,A,G,T,","N","3",0.468631714150119
5784,"C","C,A,G,T,","N","3",0.203751650576569
5806,"C","C,G,T,","B","2",0.117632074939058
5812,"C","C,A,G,T,","N","3",0.380090344584803
5822,"C","C,A,G,T,","N","3",0.130222485539629
5826,"C","C,A,G,T,","N","3",0.167089191898428
5833,"C","C,A,G,T,","N","3",0.121483602631469
5869,"C","C,A,T,","H","2",0.367893840225501
5884,"C","C,T,","Y","1",0.194210366065823
5907,"C","C,A,G,T,","N","3",0.133038185708702
5924,"G","G,C,A,T,","N","3",1.17575177370874
5944,"C","C,A,T,","H","2",0.80259126114627
5986,"C","C,A,G,T,","N","3",11.9906081080785
6026,"C","C,A,G,T,","N","3",0.189074995809275
6027,"C","C,A,G,T,","N","3",0.281613784267472
6031,"C","C,A,G,T,","N","3",0.149669782562296
6037,"C","C,A,G,T,","N","3",0.189308421730027
6040,"C","C,A,G,T,","N","3",2.07520020284713
6070,"C","C,A,G,T,","N","3",0.142900430860482
6101,"G","G,A,T,","D","2",0.149319643681168
6107,"A","A,C,G,","V","2",0.1135179430858
6145,"C","C,A,G,T,","N","3",0.112015263720958
6196,"C","C,A,G,T,","N","3",0.302461636814652
6255,"C","C,A,G,T,","N","3",0.135109840755378
6285,"C","C,A,G,T,","N","3",0.302884721296016
6286,"C","C,A,G,T,","N","3",1.86158630711878
6310,"C","C,A,G,T,","N","3",0.35364026993957
6312,"C","C,A,G,T,","N","3",0.170751061030228
6317,"C","C,A,G,T,","N","3",0.136656287480361
6319,"A","A,C,G,T,","N","3",1.02417081642029
6336,"C","C,G,T,","B","2",0.134934771314814
6352,"G","G,C,A,T,","N","3",0.136802178680831
6401,"C","C,A,G,T,","N","3",0.173158265837985
6402,"C","C,A,G,T,","N","3",29.8652271679177
6408,"C","C,A,G,T,","N","3",0.399391750407
6421,"G","G,C,A,T,","N","3",0.132760992427809
6433,"C","C,A,G,T,","N","3",0.103159667852422
6446,"G","G,C,A,T,","N","3",0.105493927059944
6449,"C","C,A,G,T,","N","3",0.141908370697286
6525,"C","C,A,G,T,","N","3",0.149771906402625
6539,"C","C,A,G,T,","N","3",0.328488626978522
6541,"C","C,A,G,T,","N","3",0.188593554847724
6568,"C","C,A,G,T,","N","3",0.131929412585129
6573,"C","C,A,G,T,","N","3",0.301061081290139
6582,"C","C,A,G,T,","N","3",0.113444997485565
6613,"A","A,C,G,T,","N","3",1.04173611695689
6622,"G","G,C,A,T,","N","3",0.159400725633653
6628,"C","C,A,G,T,","N","3",0.112044441961052
6633,"C","C,A,G,T,","N","3",0.189643971491109
6636,"C","C,A,G,T,","N","3",0.244659543188391
6638,"C","C,A,G,T,","N","3",1.00098870466559
6661,"T","T,C,A,G,","N","3",0.368915078628792
6701,"C","C,A,G,T,","N","3",0.124970402322705
6706,"C","C,A,G,T,","N","3",0.295940300153638
6730,"C","C,A,G,T,","N","3",0.376793203454178
6762,"C","C,A,G,T,","N","3",0.103991247695101
6781,"C","C,A,G,T,","N","3",0.190884046695105
6843,"C","C,A,G,T,","N","3",0.121293944070858
6865,"G","G,C,A,T,","N","3",0.115589598132476
6883,"C","C,A,G,T,","N","3",0.104239262735901
6896,"C","C,A,G,T,","N","3",0.175375812085131
6936,"C","C,A,G,T,","N","3",0.112088209321193
6941,"C","C,A,G,T,","N","3",0.205940018583621
6954,"T","T,C,A,","H","2",11.8502607732263
6968,"C","C,A,G,T,","N","3",0.252814861294671
6979,"T","T,C,A,G,","N","3",1.92623069804709
6990,"C","C,A,G,T,","N","3",0.183983392912868
7011,"C","C,A,G,T,","N","3",0.101233904006216
7042,"G","G,C,A,T,","N","3",0.767110521191937
7086,"C","C,A,G,T,","N","3",0.191467611496985
7113,"C","C,A,G,T,","N","3",0.117004742777036
7124,"C","C,A,G,T,","N","3",29.7939155491279
7162,"C","C,A,G,T,","N","3",0.12982857929836
7164,"C","C,A,T,","H","2",0.102007127368708
7165,"C","C,A,G,T,","N","3",0.120827092229353
7201,"A","A,C,G,T,","N","3",0.18265578298859
7267,"C","C,A,G,T,","N","3",0.174471286642216
7279,"C","C,A,G,T,","N","3",0.127115002969615
7299,"C","C,A,G,T,","N","3",0.242996383503032
7393,"G","G,C,A,T,","N","3",0.337242099006729
7420,"C","C,A,G,T,","N","3",0.349000929764621
7528,"C","C,A,G,T,","N","3",0.600896676496329
7540,"T","T,C,A,","H","2",0.135576692596882
7564,"C","C,A,G,T,","N","3",0.163952531088321
7600,"C","C,A,G,T,","N","3",0.191292542056421
7675,"G","G,C,A,T,","N","3",0.122052578313302
7728,"C","C,A,G,T,","N","3",0.106267150422435
7732,"C","C,A,T,","H","2",0.122358949834289
7735,"C","C,A,G,T,","N","3",0.210214630757396
7749,"C","C,A,G,T,","N","3",0.101379795206686
7764,"C","C,A,G,T,","N","3",0.212038270763272
7765,"C","C,A,G,T,","N","3",0.179679602499
7767,"T","T,C,A,G,","N","3",0.310281405159851
7768,"C","C,A,G,T,","N","3",0.270175914150615
7798,"G","G,C,A,T,","N","3",0.162551975563807
7813,"T","T,C,A,G,","N","3",0.104239262735901
7834,"C","C,A,G,T,","N","3",0.180321523781068
7851,"C","C,G,T,","B","2",8.49998606739035
7869,"C","C,A,G,T,","N","3",0.181926326986239
7926,"C","C,A,G,T,","N","3",2.07921221086005
7936,"G","G,C,A,T,","N","3",0.165863705814479
7945,"C","C,A,T,","H","2",0.18954184765078
7984,"T","T,C,A,G,","N","3",0.350313950568852
8016,"C","C,A,G,T,","N","3",0.11024998019527
8017,"G","G,C,A,T,","N","3",0.136627109240267
8047,"C","C,T,","Y","1",0.312644842607467
8083,"G","G,C,A,T,","N","3",0.551716752817852
8090,"C","C,A,G,T,","N","3",0.105508516179991
8092,"C","C,A,G,T,","N","3",0.149771906402625
8139,"C","C,A,T,","H","2",0.100154309122737
8140,"C","C,A,G,T,","N","3",0.727238456103453
8152,"C","C,A,G,T,","N","3",0.131754343144565
8179,"G","G,C,A,T,","N","3",0.168621049503364
8208,"C","C,A,G,T,","N","3",0.201607049929659
8290,"C","C,A,G,T,","N","3",0.141631177416392
8293,"C","C,A,G,T,","N","3",0.16126813299967
8299,"C","C,A,G,T,","N","3",0.225679098007228
8302,"A","A,C,G,T,","N","3",0.120827092229353
8318,"C","C,A,G,T,","N","3",0.169000366624587
8326,"C","C,A,G,T,","N","3",0.260138599558271
8349,"G","G,C,A,T,","N","3",0.126969111769145
8371,"G","G,C,A,T,","N","3",0.1227966234357
8389,"C","C,A,T,","H","2",0.114947676850407
8393,"G","G,C,A,T,","N","3",12.8942582037905
8561,"G","G,C,A,T,","N","3",0.153973572976164
8603,"T","T,C,A,G,","N","3",0.455165956346727
8655,"C","C,A,G,T,","N","3",0.175609238005883
8683,"C","C,A,G,T,","N","3",0.146708191192752
8752,"C","C,A,T,","H","2",0.160261483716427
8782,"C","C,A,T,","H","2",0.21956625670753
8802,"C","C,A,G,T,","N","3",0.136860535161019
8809,"C","C,A,T,","H","2",0.170648937189899
8829,"C","C,A,G,T,","N","3",0.393118428786785
8835,"T","T,C,A,","H","2",1.94942739892183
8882,"A","A,C,G,T,","N","3",0.359519685318516
8917,"C","C,A,G,T,","N","3",0.312338471086479
8947,"C","C,A,G,T,","N","3",0.341720958861162
8950,"C","C,A,G,T,","N","3",0.399654354567846
8956,"C","C,T,","Y","1",0.300856833609481
8964,"C","C,A,T,","H","2",0.290834108137184
8986,"C","C,A,G,T,","N","3",29.866262995441
8991,"C","C,A,T,","H","2",1.39705413570187
9053,"G","G,C,A,T,","N","3",29.7412925931183
9073,"C","C,A,G,T,","N","3",0.143411050062128
9105,"G","G,C,A,T,","N","3",0.185967513239262
9130,"G","G,C,A,T,","N","3",0.101452740806921
9165,"C","C,A,G,T,","N","3",0.251458073130298
9166,"C","C,A,G,T,","N","3",0.101569453767297
9180,"C","C,A,G,T,","N","3",0.144928318547017
9190,"G","G,C,A,T,","N","3",0.110468816995975
9203,"G","G,C,A,T,","N","3",0.189658560611156
9204,"A","A,C,G,T,","N","3",0.111256629478513
9220,"G","G,C,A,T,","N","3",0.115166513651113
9223,"C","C,A,G,T,","N","3",0.139632467969952
9246,"C","C,A,G,T,","N","3",0.148954915679992
9286,"C","C,A,G,T,","N","3",0.274027441843026
9319,"C","C,A,T,","H","2",0.165338497492787
9344,"C","C,A,G,T,","N","3",29.3912412467103
9424,"A","A,C,G,T,","N","3",29.176693647299
9430,"C","C,A,G,T,","N","3",0.408495361316335
9431,"G","G,C,A,T,","N","3",0.183662432271834
9438,"C","C,A,T,","H","2",0.125743625685196
9441,"G","G,C,A,T,","N","3",0.150180401763941
9474,"C","C,A,T,","H","2",0.1337822308311
9491,"C","C,A,T,","H","2",0.108105379548359
9521,"C","C,A,G,T,","N","3",0.120024690626768
9526,"G","G,C,A,T,","N","3",0.444924394073724
9532,"C","C,A,G,T,","N","3",0.134059424111993
9534,"C","C,A,G,T,","N","3",29.3255026717785
9559,"C","C,A,T,","H","2",0.816363390470649
9561,"C","C,A,T,","H","2",0.15336082993419
9565,"C","C,A,G,T,","N","3",0.324578742805923
9611,"C","C,A,G,T,","N","3",0.123701148878615
9678,"T","T,C,A,G,","N","3",0.158219006909845
9685,"A","A,C,G,T,","N","3",0.140434869572537
9693,"C","C,A,G,T,","N","3",0.259963530117706
9724,"C","C,A,G,T,","N","3",0.121352300551046
9738,"G","G,C,A,T,","N","3",0.134001067631805
9749,"A","A,C,G,","V","2",0.139924250370892
9802,"G","G,C,A,T,","N","3",0.149961564963236
9803,"C","C,A,G,T,","N","3",0.212709370285435
9853,"T","T,C,A,G,","N","3",0.127786102491778
9857,"C","C,A,G,T,","N","3",0.374123394485575
9866,"C","C,A,G,T,","N","3",15.7195580138547
9867,"T","T,C,A,G,","N","3",0.648836524970811
9891,"C","C,G,T,","B","2",3.4265758036818
9928,"G","G,C,A,T,","N","3",0.102196785929319
9943,"C","C,A,T,","H","2",0.118565778622066
9967,"C","C,A,G,T,","N","3",0.710533913649624
9979,"C","C,A,G,T,","N","3",0.225358137366194
10029,"C","C,A,T,","H","2",72.353529976192
10030,"C","C,A,G,T,","N","3",0.143659065102927
10036,"C","C,A,G,T,","N","3",0.116231519414544
10039,"C","C,A,G,T,","N","3",0.113649245166223
10078,"C","C,A,T,","H","2",0.169583931426467
10084,"T","T,C,A,G,","N","3",0.150880679526198
10097,"G","G,C,A,T,","N","3",0.256549676026706
10116,"C","C,A,G,T,","N","3",0.151289174887514
10135,"T","T,C,A,","H","2",1.19143507775928
10138,"C","C,T,","Y","1",0.230478918502695
10156,"C","C,A,G,T,","N","3",0.265697054296182
10195,"A","A,C,G,T,","N","3",0.347162700638697
10198,"C","C,A,G,T,","N","3",29.3019266537825
10228,"C","C,A,G,T,","N","3",0.152252056810617
10252,"C","C,A,T,","H","2",0.167439330779557
10277,"C","C,A,G,T,","N","3",0.230624809703165
10279,"C","C,A,G,T,","N","3",0.263187725648096
10317,"A","A,C,G,T,","N","3",0.170444689509241
10319,"C","C,A,T,","H","2",1.457919944538
10323,"A","A,C,G,T,","N","3",1.36765705880714
10369,"C","C,A,G,T,","N","3",0.524945717531585
10376,"C","C,A,G,T,","N","3",0.305627475864854
10396,"G","G,C,A,T,","N","3",0.215495892214414
10447,"G","G,C,A,T,","N","3",29.3630258885394
10449,"C","C,A,G,T,","N","3",42.034201857691
10450,"C","C,A,T,","H","2",0.139355274689058
10456,"C","C,A,G,T,","N","3",0.11659624741572
10507,"C","C,T,","Y","1",0.374240107445951
10523,"G","G,C,A,T,","N","3",0.103290969932845
10537,"C","C,A,T,","H","2",0.100154309122737
10560,"C","C,A,G,T,","N","3",0.817311683273705
10582,"C","C,A,T,","H","2",0.141631177416392
10615,"C","C,A,G,T,","N","3",0.155038578739596
10642,"G","G,C,A,T,","N","3",0.179854671939564
10688,"G","G,C,A,T,","N","3",0.143717421583115
10702,"C","C,A,G,T,","N","3",0.192299191339665
10741,"C","C,A,G,T,","N","3",0.185661141718274
10747,"C","C,T,","Y","1",0.107361334425961
10789,"C","C,A,G,T,","N","3",0.125845749525525
10833,"C","C,A,G,T,","N","3",0.207632356509074
10834,"C","C,A,G,T,","N","3",0.128471791133987
10870,"G","G,C,A,T,","N","3",0.458740290758245
10954,"C","C,A,T,","H","2",0.278054038976001
10969,"C","C,A,G,T,","N","3",0.176105268087482
10977,"C","C,A,G,T,","N","3",0.501690660176648
11005,"C","C,A,G,T,","N","3",0.192605562860652
11020,"C","C,A,G,T,","N","3",0.268425219744973
11074,"C","C,A,T,","H","2",0.182495302668073
11083,"G","G,C,A,T,","N","3",1.8512280318854
11109,"C","C,A,G,T,","N","3",0.186288473880296
11117,"A","A,C,G,T,","N","3",0.312469773166903
11173,"C","C,A,G,T,","N","3",0.202263560331774
11195,"C","C,A,G,T,","N","3",0.152047809129959
11200,"C","C,A,G,T,","N","3",0.115210281011254
11201,"A","A,G,T,","D","2",29.6856934566192
11291,"G","G,C,A,T,","N","3",0.213584717488255
11296,"T","T,C,A,G,","N","3",0.247752436638357
11332,"A","A,C,G,T,","N","3",29.4615024488567
11335,"G","G,C,A,T,","N","3",0.11786550085981
11365,"G","G,C,A,T,","N","3",0.207194682907664
11396,"C","C,A,G,T,","N","3",0.109053672351415
11417,"G","G,C,A,T,","N","3",0.416388075261769
11418,"T","T,C,G,","B","2",3.11007943338192
11451,"A","A,G,","R","1",0.189206297889698
11455,"C","C,A,G,T,","N","3",0.22742979241287
11456,"A","A,C,G,T,","N","3",1.3532138299606
11497,"C","C,T,","Y","1",0.435835372284436
11507,"G","G,A,T,","D","2",0.243755017745476
11514,"C","C,G,T,","B","2",2.78652192897929
11521,"G","G,C,A,T,","N","3",0.158948462912196
11522,"T","T,C,A,G,","N","3",0.16126813299967
11537,"A","A,C,G,T,","N","3",12.9711720446783
11562,"G","G,C,A,T,","N","3",1.29568892961523
11572,"C","C,A,G,T,","N","3",0.322084003277884
11575,"C","C,A,G,T,","N","3",0.359782289479362
11595,"A","A,C,G,T,","N","3",0.1081491469085
11620,"C","C,A,G,T,","N","3",0.160378196676803
11653,"C","C,A,G,T,","N","3",0.178381170814815
11674,"C","C,A,T,","H","2",2.61629607627075
11704,"C","C,T,","Y","1",0.139661646210046
11747,"C","C,A,G,T,","N","3",0.257527147069855
11750,"C","C,A,G,T,","N","3",1.61187892839412
11758,"C","C,A,G,T,","N","3",0.191453022376938
11781,"A","A,C,G,","V","2",0.170021605027878
11782,"A","A,C,G,T,","N","3",0.224307720722809
11804,"G","G,C,A,T,","N","3",0.141135147334794
11824,"C","C,A,T,","H","2",0.244207280466934
11916,"C","C,A,T,","H","2",0.137954719164545
11938,"T","T,C,","Y","1",0.248802853281742
11941,"C","C,A,G,T,","N","3",0.131287491303061
11950,"C","C,A,T,","H","2",0.246133044313139
11956,"C","C,A,G,T,","N","3",0.206450637785267
11962,"C","C,A,G,T,","N","3",0.113211571564813
12008,"C","C,A,G,T,","N","3",0.102838707211387
12025,"C","C,A,G,T,","N","3",0.207136326427476
12049,"C","C,A,G,T,","N","3",0.589021132778062
12053,"C","C,A,G,T,","N","3",0.210229219877443
12068,"C","C,A,G,T,","N","3",0.228538565536443
12070,"G","G,C,A,T,","N","3",0.160378196676803
12073,"C","C,A,T,","H","2",0.285698737880636
12076,"C","C,A,G,T,","N","3",0.148881970079757
12085,"C","C,A,G,T,","N","3",0.122140113033584
12100,"C","C,A,G,T,","N","3",0.443523838549211
12115,"C","C,A,G,T,","N","3",0.201286089288624
12119,"C","C,A,G,T,","N","3",0.111242040358466
12121,"A","A,C,G,T,","N","3",0.143425639182175
12160,"G","G,C,A,T,","N","3",13.4943816569243
12162,"A","A,G,T,","D","2",0.656656293316009
12310,"G","G,C,A,T,","N","3",2.94383641044622
12400,"C","C,A,G,T,","N","3",0.197390794236072
12422,"A","A,C,T,","H","2",0.252712737454342
12439,"C","C,A,G,T,","N","3",0.316554726780066
12444,"A","A,C,G,T,","N","3",0.181926326986239
12459,"C","C,A,T,","H","2",0.125729036565149
12473,"C","C,A,G,T,","N","3",0.25730831026915
12484,"C","C,A,G,T,","N","3",0.136335326839327
12513,"C","C,A,T,","H","2",0.282387007629964
12525,"C","C,A,G,T,","N","3",0.623918307930514
12534,"C","C,A,T,","H","2",0.159094354112666
12651,"C","C,A,G,T,","N","3",0.133650928750677
12718,"G","G,C,A,T,","N","3",0.146591478232376
12741,"C","C,A,T,","H","2",0.114451646768809
12747,"C","C,A,G,T,","N","3",0.196150719032076
12756,"C","C,A,G,T,","N","3",0.164623630610483
12769,"G","G,C,A,T,","N","3",0.152047809129959
12772,"A","A,C,G,T,","N","3",0.103436861133315
12778,"C","C,A,G,T,","N","3",1.05597509812277
12781,"C","C,T,","Y","1",0.180584127941914
12784,"C","C,A,G,T,","N","3",0.167424741659509
12786,"C","C,A,G,T,","N","3",0.159459082113841
12789,"C","C,A,T,","H","2",0.557114727235246
12793,"G","G,C,A,T,","N","3",0.112467526442415
12801,"G","G,C,A,T,","N","3",0.392987126706362
12809,"C","C,A,G,T,","N","3",0.273210451120393
12878,"A","A,C,G,T,","N","3",0.328561572578757
12880,"C","C,A,T,","H","2",29.602768898272
12933,"C","C,A,G,T,","N","3",0.104852005777875
12946,"T","T,C,A,","H","2",0.567327111268155
12970,"C","C,A,T,","H","2",0.55192100049851
12988,"G","G,C,A,T,","N","3",0.247504421597558
13011,"C","C,A,G,T,","N","3",0.139092670528212
13019,"C","C,A,G,T,","N","3",2.52205036076706
13057,"A","A,C,G,T,","N","3",0.131739754024518
13059,"C","C,A,G,T,","N","3",0.143031732940905
13115,"C","C,A,G,T,","N","3",0.139384452929152
13119,"C","C,A,G,T,","N","3",0.107930310107795
13168,"C","C,T,","Y","1",0.28333530043302
13176,"C","C,A,G,T,","N","3",0.100446091523677
13195,"T","T,C,A,G,","N","3",12.8587045182359
13201,"G","G,C,A,T,","N","3",0.147437647195103
13210,"T","T,C,G,","B","2",0.11844906566169
13216,"T","T,C,A,G,","N","3",0.264092251091011
13297,"C","C,A,T,","H","2",0.108776479070521
13329,"C","C,A,G,T,","N","3",0.186346830360484
13335,"C","C,A,G,T,","N","3",0.129303370976667
13458,"C","C,A,G,T,","N","3",0.151318353127608
13459,"G","G,C,A,T,","N","3",0.110264569315317
13482,"A","A,G,","R","1",0.24490755822919
13517,"C","C,A,G,T,","N","3",0.167672756700309
13536,"C","C,G,T,","B","2",0.352327249135339
13617,"G","G,C,A,T,","N","3",0.137021015481537
13620,"C","C,A,G,T,","N","3",0.157752155068341
13665,"C","C,A,G,T,","N","3",0.260765931720292
13712,"A","A,C,G,T,","N","3",0.173843954480195
13713,"G","G,C,A,T,","N","3",0.145628596309274
13715,"A","A,C,G,T,","N","3",0.112015263720958
13730,"C","C,A,G,T,","N","3",0.150661842725493
13860,"C","C,A,T,","H","2",1.14505626512983
13944,"C","C,A,T,","H","2",0.217144462779726
13993,"G","G,A,T,","D","2",0.410931744364186
13994,"C","C,A,G,T,","N","3",0.147481414555244
14014,"T","T,C,A,G,","N","3",1.80473250629557
14030,"G","G,A,T,","D","2",0.399712711048034
14107,"A","A,C,G,T,","N","3",0.123934574799367
14117,"C","C,A,G,T,","N","3",0.130032826979018
14118,"G","G,C,A,T,","N","3",0.115195691891207
14120,"C","C,A,G,T,","N","3",1.78265916766444
14178,"C","C,A,G,T,","N","3",0.137312797882477
14184,"C","C,A,G,T,","N","3",0.203824596176804
14186,"G","G,C,A,T,","N","3",0.155199059060113
14187,"G","G,C,A,T,","N","3",0.179052270336978
14220,"C","C,A,G,T,","N","3",0.19056308605407
14257,"T","T,C,G,","B","2",0.565970323103783
14318,"C","C,A,G,T,","N","3",0.107448869146243
14322,"C","C,G,T,","B","2",0.105348035859474
14340,"C","C,A,T,","H","2",0.146985384473646
14407,"C","C,A,G,T,","N","3",0.152893978092686
14408,"C","C,A,G,T,","N","3",99.6137092793952
14475,"A","A,C,G,T,","N","3",0.256885225787787
14511,"G","G,C,A,T,","N","3",0.146795725913035
14552,"T","T,C,","Y","1",0.11014785635494
14599,"C","C,A,G,T,","N","3",0.774025764094221
14676,"C","C,A,G,T,","N","3",11.9511299492313
14697,"C","C,A,T,","H","2",0.123175940556922
14708,"C","C,T,","Y","1",0.220893866631808
14724,"C","C,A,T,","H","2",0.332223441710557
14805,"C","C,T,","Y","1",0.85117303090282
14829,"G","G,C,A,T,","N","3",0.151595546408501
14925,"C","C,A,G,T,","N","3",0.367281097183527
14937,"C","C,A,G,T,","N","3",0.100198076482878
14940,"A","A,C,G,","V","2",0.222440313356792
14960,"A","A,C,T,","H","2",0.111635946599736
15002,"A","A,C,G,T,","N","3",0.221827570314817
15009,"T","T,C,G,","B","2",2.26065709688474
15026,"C","C,A,T,","H","2",0.206319335704843
15096,"T","T,C,A,G,","N","3",2.41569567562434
15237,"C","C,A,G,T,","N","3",0.353290131058442
15240,"C","C,A,T,","H","2",14.128920844249
15243,"G","G,C,A,T,","N","3",0.126939933529051
15264,"T","T,C,G,","B","2",0.174033613040806
15277,"C","C,A,G,T,","N","3",0.319020288068011
15279,"C","C,A,G,T,","N","3",11.8895346843928
15324,"C","C,A,T,","H","2",0.415031287097397
15372,"G","G,C,A,T,","N","3",0.141426929735734
15451,"G","G,A,T,","D","2",33.3278526872357
15521,"T","T,C,A,","H","2",3.25856749722041
15540,"C","C,A,G,T,","N","3",0.193145360302392
15543,"G","G,C,A,T,","N","3",0.126006229846042
15569,"C","C,A,G,T,","N","3",0.153010691053062
15579,"C","C,A,T,","H","2",0.143396460942081
15598,"G","G,C,A,T,","N","3",0.242354462220963
15628,"T","T,C,A,G,","N","3",0.120710379268977
15654,"C","C,A,T,","H","2",0.196500857913204
15656,"C","C,A,G,T,","N","3",0.166870355097723
15672,"G","G,C,A,T,","N","3",0.118273996221126
15714,"C","C,A,G,T,","N","3",29.4424636471954
15720,"C","C,A,T,","H","2",0.978857009554269
15738,"C","C,A,T,","H","2",0.383825159316838
15763,"C","C,A,G,T,","N","3",0.106237972182341
15766,"G","G,C,A,T,","N","3",0.484811048282255
15810,"C","C,A,G,T,","N","3",0.233790648753367
15848,"C","C,A,G,T,","N","3",0.102123840329084
15882,"T","T,C,A,G,","N","3",0.1318272887448
15906,"G","G,C,A,T,","N","3",0.309012151715761
15939,"T","T,C,A,G,","N","3",0.108105379548359
15952,"C","C,A,G,T,","N","3",2.47269536764801
15960,"C","C,A,G,T,","N","3",0.267272679261259
16064,"A","A,C,G,T,","N","3",0.413543196852602
16075,"G","G,C,A,T,","N","3",0.256009878584966
16092,"C","C,A,T,","H","2",0.289594032933188
16111,"C","C,A,G,T,","N","3",0.19334960798305
16173,"C","C,A,G,T,","N","3",0.10380158913449
16176,"T","T,C,A,G,","N","3",11.8652146212745
16242,"T","T,C,A,G,","N","3",0.231660637226503
16260,"C","C,T,","Y","1",0.259992708357801
16289,"C","C,A,G,T,","N","3",0.154440424817669
16293,"C","C,T,","Y","1",0.380090344584803
16308,"C","C,A,G,T,","N","3",0.153550488494801
16323,"C","C,A,T,","H","2",0.280825971784934
16329,"C","C,A,T,","H","2",0.127698567771496
16338,"C","C,A,G,T,","N","3",0.35207923409454
16342,"T","T,C,A,G,","N","3",0.533144802998006
16362,"C","C,A,G,T,","N","3",0.107186264985397
16376,"C","C,A,G,T,","N","3",0.134190726192416
16377,"G","G,C,A,T,","N","3",0.135022306035096
16394,"C","C,A,G,T,","N","3",0.288616561890038
16428,"C","C,T,","Y","1",0.173172854958032
16466,"C","C,A,G,T,","N","3",33.0398342792676
16468,"C","C,A,G,T,","N","3",0.221973461515287
16500,"A","A,C,G,T,","N","3",0.427694643298203
16575,"C","C,A,G,T,","N","3",0.166097131735231
16616,"C","C,A,G,T,","N","3",2.67347083773499
16647,"G","G,C,A,T,","N","3",0.213891089009243
16726,"C","C,A,G,T,","N","3",1.63472549038774
16744,"G","G,C,A,T,","N","3",0.194093653105447
16864,"G","G,C,A,T,","N","3",0.158102293949469
16887,"C","C,A,T,","H","2",1.10244144547251
16889,"A","A,G,","R","1",0.402090737615697
16914,"G","G,C,A,T,","N","3",0.112773897963403
16915,"C","C,A,T,","H","2",0.192284602219618
16935,"G","G,C,A,T,","N","3",1.34548159633568
16954,"C","C,A,G,T,","N","3",0.371716189677818
16986,"T","T,C,A,G,","N","3",0.182568248268308
17004,"C","C,A,G,T,","N","3",0.145934967830261
17010,"C","C,A,G,T,","N","3",0.171217912871733
17012,"C","C,G,T,","B","2",0.166126309975325
17014,"G","G,C,A,T,","N","3",0.482972819156332
17019,"G","G,C,A,T,","N","3",0.97806919707173
17039,"A","A,C,G,T,","N","3",0.40656959747013
17040,"T","T,C,A,G,","N","3",4.15633817755338
17104,"C","C,A,G,T,","N","3",0.368798365668416
17122,"G","G,C,A,T,","N","3",0.863632139422968
17135,"C","C,A,G,T,","N","3",0.108484696669581
17193,"G","G,C,A,T,","N","3",0.117807144379622
17207,"A","A,C,G,T,","N","3",0.134263671792651
17236,"A","A,G,T,","D","2",2.34270630802914
17259,"G","G,C,A,T,","N","3",1.16691076696025
17278,"G","G,C,A,T,","N","3",0.212257107563977
17285,"C","C,A,G,T,","N","3",0.257775162110655
17304,"C","C,A,G,T,","N","3",0.311171341482719
17331,"G","G,C,A,T,","N","3",0.319866457030738
17337,"A","A,C,G,T,","N","3",0.132673457707527
17339,"C","C,A,G,T,","N","3",0.315081225655318
17402,"C","C,A,T,","H","2",0.390930060779733
17410,"C","C,A,G,T,","N","3",29.5173204221566
17427,"G","G,C,A,T,","N","3",0.330414390824727
17491,"C","C,A,G,T,","N","3",0.152310413290805
17496,"A","A,C,G,T,","N","3",0.192051176298866
17502,"C","C,A,T,","H","2",0.241843843019318
17550,"C","C,A,G,T,","N","3",0.420006177033428
17551,"G","G,C,A,T,","N","3",0.147671073115855
17574,"T","T,C,A,G,","N","3",0.112379991722133
17615,"A","A,C,G,T,","N","3",2.48034006655265
17676,"C","C,A,G,T,","N","3",0.344434535189906
17678,"C","C,A,T,","H","2",0.210491824038289
17679,"G","G,C,A,T,","N","3",0.17435457368184
17721,"G","G,C,A,T,","N","3",0.153112814893391
17746,"C","C,A,G,T,","N","3",0.183895858192586
17747,"C","C,A,G,T,","N","3",0.19081110109487
17762,"C","C,A,G,T,","N","3",0.127377607130462
17766,"C","C,A,G,T,","N","3",0.187090875482882
17822,"C","C,A,G,T,","N","3",0.104312208336136
17847,"G","G,A,T,","D","2",0.16253738644376
17850,"C","C,A,G,T,","N","3",0.107653116826901
17964,"G","G,C,A,T,","N","3",0.133592572270489
17977,"C","C,A,G,T,","N","3",0.186828271322035
17999,"C","C,A,G,T,","N","3",0.132308729706352
18018,"T","T,C,A,G,","N","3",0.120652022788789
18028,"G","G,C,A,T,","N","3",0.277558008894403
18029,"C","C,T,","Y","1",0.113634656046176
18032,"C","C,A,T,","H","2",0.110468816995975
18060,"C","C,A,G,T,","N","3",0.244572008468109
18079,"G","G,C,A,T,","N","3",0.197259492155649
18086,"C","C,A,G,T,","N","3",0.56696238326698
18115,"C","C,A,G,T,","N","3",0.227342257692588
18129,"C","C,A,G,T,","N","3",0.130543446180663
18131,"C","C,A,G,T,","N","3",0.235001545717269
18163,"A","A,C,G,T,","N","3",42.1589096558529
18167,"C","C,A,T,","H","2",0.363808886612338
18171,"C","C,A,G,T,","N","3",0.133796819951147
18176,"C","C,A,G,T,","N","3",0.532575827316172
18252,"C","C,A,G,T,","N","3",0.141601999176298
18255,"G","G,C,A,T,","N","3",0.418095002307269
18264,"C","C,A,G,T,","N","3",0.166272201175796
18348,"C","C,A,G,T,","N","3",0.220456193030398
18360,"A","A,C,G,T,","N","3",0.320508378312806
18377,"C","C,A,G,T,","N","3",0.136860535161019
18395,"C","C,G,T,","B","2",0.244396939027545
18424,"A","A,C,G,T,","N","3",1.33583818798461
18457,"C","C,A,G,T,","N","3",0.106019135381636
18486,"C","C,A,G,T,","N","3",0.280534189383993
18508,"C","C,A,G,T,","N","3",0.244688721428485
18538,"G","G,C,A,T,","N","3",0.101525686407156
18555,"C","C,A,G,T,","N","3",0.457646106754719
18568,"C","C,A,G,T,","N","3",0.152149932970288
18570,"C","C,A,G,T,","N","3",0.15760626386787
18583,"G","G,C,A,T,","N","3",0.122461073674619
18585,"A","A,C,G,T,","N","3",0.214795614452157
18591,"C","C,A,G,T,","N","3",0.162026767242115
18647,"C","C,A,T,","H","2",0.205721181782916
18651,"G","G,C,A,T,","N","3",0.168475158302894
18657,"C","C,A,G,T,","N","3",0.441072866381313
18687,"C","C,A,G,T,","N","3",0.316540137660019
18744,"C","C,A,T,","H","2",1.97272622363691
18747,"C","C,A,G,T,","N","3",0.149363411041309
18756,"G","G,C,A,T,","N","3",0.119076397823712
18788,"C","C,A,G,T,","N","3",0.161399435080094
18804,"C","C,A,G,T,","N","3",0.126983700889192
18816,"G","G,C,A,T,","N","3",0.102999187531905
18828,"C","C,A,G,T,","N","3",0.113328284525189
18877,"C","C,A,G,T,","N","3",1.34161547952322
18905,"G","G,C,A,T,","N","3",0.185471483157663
18957,"T","T,C,A,G,","N","3",0.387691276129296
18981,"C","C,A,G,T,","N","3",0.198484978239598
18984,"G","G,C,A,T,","N","3",0.153171171373579
19006,"G","G,A,T,","D","2",0.38826025181113
19009,"G","G,C,A,T,","N","3",0.134715934514109
19011,"C","C,A,G,T,","N","3",0.173245800558267
19017,"C","C,A,G,T,","N","3",0.205852483863339
19035,"T","T,C,A,G,","N","3",0.119645373505545
19079,"A","A,C,G,T,","N","3",0.157679209468105
19086,"G","G,C,A,T,","N","3",0.106529754583281
19160,"C","C,A,G,T,","N","3",0.276317933690407
19164,"C","C,A,G,T,","N","3",0.232725642989935
19167,"A","A,C,G,T,","N","3",0.145774487509744
19170,"C","C,A,T,","H","2",0.203226442254877
19174,"G","G,C,A,T,","N","3",0.100241843843019
19185,"C","C,A,T,","H","2",0.15872962611149
19186,"C","C,A,G,T,","N","3",0.142010494537615
19209,"T","T,C,A,G,","N","3",0.367193562463245
19210,"A","A,G,","R","1",0.364436218774359
19212,"A","A,C,G,T,","N","3",0.370198921192929
19214,"A","A,G,T,","D","2",0.364596699094876
19217,"C","C,A,G,T,","N","3",0.371759957037959
19220,"C","C,A,G,T,","N","3",29.7440791150473
19263,"C","C,A,G,T,","N","3",0.129507618657325
19269,"C","C,A,T,","H","2",0.244703310548532
19274,"C","C,A,G,T,","N","3",0.1484297073583
19317,"C","C,A,G,T,","N","3",0.104749881937546
19374,"C","C,A,G,T,","N","3",0.191584324457361
19390,"C","C,A,G,T,","N","3",0.482433021714592
19524,"C","C,A,G,T,","N","3",1.7894722867264
19542,"G","G,C,A,T,","N","3",0.148035801117031
19563,"G","G,C,A,T,","N","3",0.17855624025538
19656,"G","G,C,A,T,","N","3",0.100883765125088
19677,"G","G,C,A,T,","N","3",0.135664227317164
19684,"G","G,C,A,T,","N","3",0.152587606571698
19718,"C","C,A,G,T,","N","3",0.166622340056924
19816,"G","G,C,A,T,","N","3",0.102021716488755
19839,"T","T,C,","Y","1",0.594141913914563
19854,"C","C,A,T,","H","2",0.208770307872741
19859,"C","C,A,G,T,","N","3",0.303118147216768
19862,"C","C,A,G,T,","N","3",0.16293129268503
19872,"G","G,C,A,T,","N","3",0.139968017731033
19884,"C","C,A,T,","H","2",0.101890414408332
19955,"C","C,A,G,T,","N","3",29.4832256486067
19962,"G","G,C,A,T,","N","3",0.137414921722806
19983,"C","C,A,G,T,","N","3",0.393366443827584
19999,"G","G,C,A,T,","N","3",0.197186546555414
20055,"A","A,C,G,T,","N","3",29.449174642417
20102,"G","G,C,A,T,","N","3",0.100183487362831
20104,"C","C,A,G,T,","N","3",0.12729007241018
20132,"C","C,A,G,T,","N","3",0.152456304491275
20134,"G","G,C,A,T,","N","3",0.100460680643725
20148,"C","C,A,G,T,","N","3",0.279717198661361
20178,"C","C,A,G,T,","N","3",0.287930873247828
20199,"C","C,T,","Y","1",0.137852595324216
20233,"C","C,A,T,","H","2",0.195129480628785
20234,"C","C,A,G,T,","N","3",0.294131249267809
20235,"C","C,A,G,T,","N","3",0.102182196809272
20262,"A","A,C,G,T,","N","3",1.12270573321781
20268,"A","A,C,G,T,","N","3",0.984911494373779
20275,"G","G,C,A,T,","N","3",0.152252056810617
20320,"C","C,A,G,T,","N","3",0.182597426508402
20396,"A","A,C,G,T,","N","3",0.221273183753031
20404,"C","C,A,G,T,","N","3",0.231208374505046
20418,"A","A,C,G,T,","N","3",0.158963052032243
20436,"C","C,A,G,T,","N","3",0.134745112754203
20451,"C","C,A,G,T,","N","3",0.361226612364017
20532,"A","A,C,G,T,","N","3",0.123569846798191
20578,"G","G,C,A,T,","N","3",0.218238646783252
20628,"C","C,A,G,T,","N","3",0.102328088009742
20661,"T","T,C,A,G,","N","3",0.196807229434192
20679,"G","G,C,A,T,","N","3",0.218661731264616
20703,"C","C,A,G,T,","N","3",0.195362906549537
20718,"G","G,C,A,T,","N","3",0.150443005924788
20719,"C","C,A,G,T,","N","3",0.122023400073208
20759,"C","C,A,T,","H","2",0.136743822200643
20762,"C","C,A,G,T,","N","3",0.256841458427646
20823,"C","C,A,T,","H","2",0.156614203704674
20844,"C","C,A,G,T,","N","3",0.174121147761088
20930,"C","C,A,G,T,","N","3",0.130003648738924
20937,"G","G,C,A,T,","N","3",0.488575041254384
21034,"C","C,A,G,T,","N","3",0.131841877864847
21057,"C","C,A,G,T,","N","3",0.29631961727486
21058,"C","C,A,G,T,","N","3",0.203109729294501
21077,"C","C,A,G,T,","N","3",0.60318716834371
21110,"C","C,A,G,T,","N","3",0.124372248400777
21114,"C","C,G,T,","B","2",0.110089499874752
21123,"G","G,C,A,T,","N","3",0.167249672218945
21137,"A","A,G,T,","D","2",1.08216256860716
21194,"A","A,C,G,T,","N","3",0.180219399940739
21234,"C","C,A,G,T,","N","3",0.330224732264116
21255,"G","G,C,A,T,","N","3",2.05919593815555
21302,"C","C,A,G,T,","N","3",0.233294618671769
21304,"C","C,A,G,T,","N","3",1.81103500615588
21305,"G","G,C,A,T,","N","3",0.429357802983563
21306,"C","C,A,G,T,","N","3",0.407532479393233
21364,"C","C,A,G,T,","N","3",0.138830066367366
21372,"G","G,C,A,T,","N","3",0.67881716666742
21518,"G","G,C,A,T,","N","3",0.298084900800549
21520,"G","G,C,A,T,","N","3",0.118259407101079
21570,"T","T,C,A,G,","N","3",0.543357187030914
21575,"C","C,A,G,T,","N","3",2.02664761133067
21595,"C","C,A,G,T,","N","3",2.74819631061579
21597,"C","C,A,G,T,","N","3",0.16166203924094
21600,"G","G,C,A,T,","N","3",0.51134865764777
21614,"C","C,A,G,T,","N","3",2.10529755750411
21618,"C","C,A,G,T,","N","3",62.0419399269639
21621,"C","C,A,G,T,","N","3",1.1491120405029
21622,"C","C,A,G,T,","N","3",0.410654551083293
21624,"G","G,C,A,T,","N","3",0.14955306960192
21627,"C","C,A,G,T,","N","3",0.130791461221462
21637,"C","C,A,G,T,","N","3",0.135387034036271
21638,"C","C,A,G,T,","N","3",1.15806976021176
21641,"G","G,C,A,T,","N","3",0.144709481746312
21647,"A","A,C,G,T,","N","3",0.167118370138522
21658,"C","C,A,G,T,","N","3",0.169452629346044
21668,"G","G,C,A,T,","N","3",0.171028254311121
21707,"C","C,A,G,T,","N","3",0.143002554700811
21721,"C","C,A,G,T,","N","3",2.38313275967941
21724,"G","G,C,A,T,","N","3",0.16434643732959
21727,"C","C,A,G,T,","N","3",0.135314088436036
21736,"C","C,A,G,T,","N","3",0.10887860291085
21742,"C","C,A,G,T,","N","3",0.202715823053231
21762,"C","C,A,G,T,","N","3",13.020410324837
21765,"T","T,C,A,G,","N","3",0.127902815452154
21770,"G","G,C,A,T,","N","3",0.29290576318386
21772,"C","C,A,G,T,","N","3",0.110177034595034
21786,"G","G,C,A,T,","N","3",0.19911231040162
21789,"C","C,A,G,T,","N","3",0.685207201248012
21792,"A","A,C,G,T,","N","3",0.156001460662699
21800,"G","G,C,A,T,","N","3",0.212665602925294
21801,"A","A,C,G,T,","N","3",0.299164495684028
21811,"C","C,A,G,T,","N","3",0.230931181224153
21812,"C","C,A,G,T,","N","3",0.109009904991274
21846,"C","C,A,G,T,","N","3",28.3633647937981
21851,"A","A,C,G,T,","N","3",0.107871953627607
21855,"C","C,A,G,T,","N","3",0.461235030286284
21859,"C","C,A,G,T,","N","3",0.149728139042484
21897,"C","C,A,G,T,","N","3",0.689058728940423
21910,"C","C,A,G,T,","N","3",0.104166317135666
21952,"C","C,A,G,T,","N","3",0.108338805469111
21974,"G","G,C,A,T,","N","3",1.46581265848343
21987,"G","G,C,A,T,","N","3",56.8809803538533
21993,"A","A,C,G,T,","N","3",0.11278848708345
21995,"T","T,C,A,G,","N","3",1.38323823901735
21997,"C","C,A,G,T,","N","3",0.120943805189729
22000,"C","C,A,G,T,","N","3",0.27220380183715
22001,"A","A,C,G,T,","N","3",0.20067334624665
22016,"T","T,C,A,G,","N","3",0.45402800498306
22017,"G","G,C,A,T,","N","3",0.191919874218443
22018,"G","G,A,T,","D","2",0.443377947348741
22020,"T","T,C,A,G,","N","3",0.18407092763315
22021,"G","G,C,A,T,","N","3",0.130455911460381
22032,"T","T,C,A,G,","N","3",0.164711165330765
22033,"C","C,A,G,T,","N","3",0.301557111371738
22051,"G","G,C,A,T,","N","3",0.14574530926965
22054,"T","T,C,A,G,","N","3",0.207486465308604
22081,"G","G,C,A,T,","N","3",0.126910755288957
22088,"C","C,A,G,T,","N","3",0.17997138489994
22093,"G","G,C,A,T,","N","3",0.116275286774685
22094,"G","G,C,A,T,","N","3",0.124532728721294
22104,"G","G,C,A,T,","N","3",0.361780998925803
22132,"G","G,C,A,T,","N","3",1.03794294574467
22190,"A","A,C,G,T,","N","3",0.190242125413036
22200,"T","T,C,A,G,","N","3",29.4180852275968
22203,"G","G,C,A,T,","N","3",0.118565778622066
22205,"G","G,C,A,T,","N","3",0.140887132293995
22206,"A","A,C,G,T,","N","3",0.177228630331102
22224,"C","C,A,G,T,","N","3",0.164813289171094
22225,"G","G,C,A,T,","N","3",0.194108242225494
22227,"C","C,A,G,T,","N","3",5.60629246254572
22255,"A","A,C,G,T,","N","3",0.226350197529391
22259,"A","A,C,G,T,","N","3",0.114043151407493
22264,"C","C,A,G,T,","N","3",0.147145864794163
22295,"C","C,A,G,T,","N","3",0.10292624193167
22311,"C","C,A,G,T,","N","3",0.197332437755884
22314,"C","C,A,G,T,","N","3",0.326898412893397
22320,"A","A,C,G,T,","N","3",0.529089027624936
22323,"C","C,A,G,T,","N","3",0.119616195265451
22326,"C","C,A,G,T,","N","3",0.209339283554575
22331,"G","G,C,A,T,","N","3",0.215422946614179
22335,"G","G,C,A,T,","N","3",0.134117780592181
22346,"G","G,C,A,T,","N","3",0.259875995397424
22377,"C","C,A,G,T,","N","3",0.130543446180663
22388,"C","C,A,G,T,","N","3",0.170794828390369
22427,"G","G,C,A,T,","N","3",0.461964486288634
22432,"C","C,A,G,T,","N","3",0.110731421156821
22444,"C","C,A,G,T,","N","3",0.351087173931343
22450,"C","C,A,G,T,","N","3",0.239801366212736
22458,"C","C,A,T,","H","2",0.134132369712228
22468,"G","G,C,A,T,","N","3",0.185588196118039
22480,"C","C,A,G,T,","N","3",0.140055552451315
22498,"C","C,A,G,T,","N","3",0.256710156347223
22570,"C","C,A,T,","H","2",0.123963753039461
22577,"G","G,C,A,T,","N","3",0.370942966315327
22578,"G","G,C,A,T,","N","3",42.1682175144429
22591,"C","C,A,G,T,","N","3",0.12040400774799
22597,"C","C,A,G,T,","N","3",0.140391102212396
22599,"G","G,C,A,T,","N","3",9.71900917115854
22624,"C","C,A,G,T,","N","3",0.30251999329484
22673,"T","T,C,A,G,","N","3",12.7247909853244
22674,"C","C,A,G,T,","N","3",41.9722856322115
22679,"T","T,C,A,G,","N","3",42.1045360054377
22686,"C","C,A,G,T,","N","3",42.0883566713055
22688,"A","A,C,G,T,","N","3",29.3174494775126
22747,"C","C,A,G,T,","N","3",0.10717167586535
22775,"G","G,C,A,T,","N","3",29.2836464863636
22786,"A","A,C,G,T,","N","3",28.9252209850486
22792,"C","C,A,G,T,","N","3",5.60178442445119
22801,"G","G,C,A,T,","N","3",0.52135679400002
22812,"A","A,C,G,T,","N","3",1.16600624151734
22813,"G","G,C,A,T,","N","3",40.8652777921643
22858,"C","C,A,G,T,","N","3",0.217159051899773
22879,"C","C,A,G,T,","N","3",0.541110462543674
22882,"T","T,C,A,G,","N","3",40.4049181090808
22893,"A","A,C,G,T,","N","3",0.746131366564334
22896,"T","T,C,A,G,","N","3",0.141514464456016
22898,"G","G,C,A,T,","N","3",12.6888579826486
22899,"G","G,C,A,T,","N","3",0.126823220568675
22910,"A","A,C,G,T,","N","3",0.117238168697788
22916,"C","C,A,G,T,","N","3",0.184289764433855
22917,"T","T,C,A,G,","N","3",49.7603372304277
22936,"G","G,C,A,T,","N","3",0.103232613452657
22942,"T","T,C,A,G,","N","3",0.87539097018086
22987,"C","C,A,G,T,","N","3",0.172881072557092
22992,"G","G,C,A,T,","N","3",42.9206367917475
22993,"C","C,A,G,T,","N","3",0.280621724104275
22995,"C","C,A,G,T,","N","3",75.4807370365091
23012,"G","G,C,A,T,","N","3",2.21283396137064
23013,"A","A,C,G,T,","N","3",42.1047694313584
23018,"T","T,C,A,G,","N","3",13.4599367444933
23019,"T","T,C,A,G,","N","3",0.138231912445439
23029,"C","C,A,G,T,","N","3",0.161063885319012
23031,"T","T,C,A,G,","N","3",0.267637407262435
23040,"A","A,C,G,T,","N","3",28.3687190008554
23042,"T","T,C,A,G,","N","3",0.15067643184554
23048,"G","G,C,A,T,","N","3",12.756318073746
23055,"A","A,C,G,T,","N","3",42.0361276215372
23063,"A","A,C,G,T,","N","3",55.364937355048
23075,"T","T,C,A,G,","N","3",42.057777875687
23086,"C","C,A,T,","H","2",0.180248578180833
23191,"C","C,A,G,T,","N","3",0.262852175887015
23202,"C","C,A,G,T,","N","3",12.9907944111415
23248,"C","C,A,T,","H","2",0.311098395882483
23271,"C","C,A,G,T,","N","3",11.8706709521721
23277,"C","C,A,G,T,","N","3",0.222761273997826
23284,"T","T,C,A,G,","N","3",0.860918563094224
23311,"G","G,C,A,T,","N","3",0.144855372946782
23380,"C","C,A,G,T,","N","3",0.228261372255549
23401,"G","G,C,A,T,","N","3",0.668633960874606
23403,"A","A,C,G,T,","N","3",99.6636770155562
23426,"G","G,C,A,T,","N","3",0.119820442946109
23481,"C","C,A,G,T,","N","3",0.12464944168167
23520,"C","C,T,","Y","1",0.105508516179991
23525,"C","C,A,G,T,","N","3",43.3327356657154
23533,"C","C,A,G,T,","N","3",0.118419887421596
23535,"A","A,C,G,T,","N","3",0.673331657529744
23557,"C","C,A,G,T,","N","3",0.400558880010761
23587,"G","G,C,A,T,","N","3",0.439745256457035
23591,"C","C,A,G,T,","N","3",0.164594452370389
23593,"G","G,C,A,T,","N","3",0.644197184795861
23599,"T","T,C,A,G,","N","3",42.2797513372023
23604,"C","C,A,G,T,","N","3",88.0245208094102
23608,"G","G,C,A,T,","N","3",0.126852398808769
23625,"C","C,A,G,T,","N","3",0.245680781591682
23635,"C","C,A,G,T,","N","3",0.18436271003409
23638,"C","C,A,G,T,","N","3",0.225722865367369
23659,"T","T,C,A,G,","N","3",0.182816263309107
23664,"C","C,A,G,T,","N","3",1.42588223691476
23673,"C","C,A,T,","H","2",2.58864969378166
23683,"C","C,T,","Y","1",0.338482174210725
23707,"C","C,A,G,T,","N","3",0.259102772034933
23709,"C","C,A,G,T,","N","3",11.9513925533922
23718,"C","C,A,G,T,","N","3",0.104852005777875
23731,"C","C,A,G,T,","N","3",0.264500746452327
23756,"A","A,C,G,T,","N","3",0.31560643397701
23758,"C","C,A,G,T,","N","3",0.301309096330938
23767,"A","A,C,G,T,","N","3",0.210958675879793
23854,"C","C,A,G,T,","N","3",41.7811243922355
23868,"G","G,C,A,T,","N","3",0.211775666602426
23896,"C","C,A,G,T,","N","3",0.161443202440235
23929,"C","C,A,T,","H","2",0.220295712709881
23948,"G","G,C,A,T,","N","3",42.3169973606823
23987,"C","C,A,G,T,","N","3",0.186288473880296
24023,"C","C,A,G,T,","N","3",0.284400306196452
24034,"C","C,A,G,T,","N","3",0.12899699945568
24076,"T","T,C,A,G,","N","3",0.149144574240603
24095,"G","G,C,A,T,","N","3",0.184260586193761
24109,"C","C,A,G,T,","N","3",0.134847236594532
24110,"A","A,C,G,T,","N","3",0.117252757817835
24130,"C","C,A,G,T,","N","3",13.8582343108968
24138,"C","C,A,G,T,","N","3",0.406131923868719
24197,"G","G,C,A,T,","N","3",0.123701148878615
24208,"C","C,A,T,","H","2",2.26480040697809
24334,"C","C,A,G,T,","N","3",0.292964119664048
24349,"T","T,C,A,G,","N","3",0.319166179268481
24368,"G","G,C,A,T,","N","3",0.218807622465086
24370,"C","C,A,G,T,","N","3",0.124518139601247
24374,"C","C,A,G,T,","N","3",0.101190136646075
24378,"C","C,A,G,T,","N","3",0.222017228875428
24382,"C","C,A,G,T,","N","3",0.20277417953342
24410,"G","G,C,A,T,","N","3",32.5520324613757
24424,"A","A,C,G,T,","N","3",42.2602456836994
24432,"A","A,G,T,","D","2",0.143980025743961
24442,"C","C,A,G,T,","N","3",0.137852595324216
24469,"T","T,C,A,G,","N","3",42.2705164242125
24503,"C","C,A,G,T,","N","3",12.8400012663356
24506,"T","T,C,A,G,","N","3",11.8572635508488
24620,"G","G,C,A,T,","N","3",0.682406090198985
24642,"C","C,A,G,T,","N","3",1.13373510797335
24745,"C","C,A,G,T,","N","3",0.163952531088321
24748,"C","C,A,G,T,","N","3",0.123496901197956
24781,"G","G,C,A,T,","N","3",0.124007520399602
24783,"A","A,C,G,T,","N","3",0.157722976828247
24794,"G","G,C,A,T,","N","3",0.303030612496486
24803,"A","A,C,G,T,","N","3",0.158992230272337
24814,"T","T,C,A,G,","N","3",0.109301687392214
24863,"C","C,A,G,T,","N","3",0.139617878849905
24865,"C","C,A,G,T,","N","3",0.134394973873074
24872,"G","G,C,A,T,","N","3",0.504345880025204
24904,"C","C,A,G,T,","N","3",0.246950035035772
24910,"T","T,C,A,G,","N","3",0.24490755822919
24912,"C","C,A,G,T,","N","3",0.11478719652989
24914,"G","G,C,A,T,","N","3",11.8991343253838
24928,"G","G,C,A,T,","N","3",0.594258626874939
24933,"G","G,C,A,T,","N","3",0.154396657457528
25000,"C","C,A,G,T,","N","3",42.118308134762
25003,"A","A,C,G,T,","N","3",0.316117053178656
25006,"C","C,A,G,T,","N","3",0.14056617165296
25046,"C","C,A,G,T,","N","3",0.196734283833957
25047,"C","C,A,G,T,","N","3",0.188462252767301
25049,"G","G,C,A,T,","N","3",0.109826895713906
25062,"G","G,C,A,T,","N","3",0.128413434653799
25088,"G","G,C,A,T,","N","3",1.23348092173477
25096,"C","C,A,G,T,","N","3",0.201957188810787
25135,"G","G,C,A,T,","N","3",0.467289515105794
25202,"T","T,C,A,G,","N","3",0.51740314246728
25207,"C","C,A,T,","H","2",0.222396545996651
25217,"G","G,C,A,T,","N","3",0.11264259588298
25218,"G","G,C,A,T,","N","3",0.122081756553396
25244,"G","G,C,A,T,","N","3",0.148181692317501
25249,"G","G,C,A,T,","N","3",0.114422468528715
25273,"G","G,C,A,T,","N","3",0.139078081408165
25276,"C","C,A,G,T,","N","3",0.219099404866026
25317,"C","C,A,G,T,","N","3",0.110045732514611
25337,"G","G,C,A,T,","N","3",0.169831946467266
25339,"C","C,A,G,T,","N","3",0.924060274657692
25350,"C","C,A,G,T,","N","3",0.196238253752358
25352,"G","G,C,A,T,","N","3",1.11390849382946
25354,"G","G,C,A,T,","N","3",0.103699465294161
25413,"C","C,A,G,T,","N","3",0.531379519472317
25416,"C","C,A,G,T,","N","3",3.92025703695264
25429,"G","G,C,A,T,","N","3",0.109082850591509
25433,"C","C,A,G,T,","N","3",0.101204725766122
25437,"G","G,C,A,T,","N","3",0.47545942233212
25439,"A","A,C,G,T,","N","3",0.107667705946948
25445,"G","G,C,A,T,","N","3",0.151157872807091
25452,"C","C,A,G,T,","N","3",0.239947257413206
25455,"G","G,C,A,T,","N","3",0.160349018436709
25459,"G","G,C,A,T,","N","3",0.106792358744128
25460,"C","C,A,G,T,","N","3",0.170386333029053
25463,"C","C,A,G,T,","N","3",0.120418596868037
25469,"C","C,A,G,T,","N","3",33.2371375387834
25471,"G","G,C,A,T,","N","3",0.333303036594036
25483,"G","G,C,A,T,","N","3",0.136014366198293
25489,"G","G,C,A,T,","N","3",0.294408442548702
25494,"G","G,C,A,T,","N","3",0.150224169124082
25500,"G","G,C,A,T,","N","3",0.143527763022504
25505,"A","A,C,G,T,","N","3",0.212578068205012
25511,"C","C,A,G,T,","N","3",0.126239655766795
25513,"C","C,A,G,T,","N","3",0.198018126398094
25517,"C","C,A,G,T,","N","3",0.761289462293179
25518,"T","T,C,A,G,","N","3",0.150399238564647
25521,"C","C,A,G,T,","N","3",0.52458098953041
25526,"G","G,C,A,T,","N","3",0.100373145923442
25534,"G","G,C,A,T,","N","3",0.126794042328581
25537,"G","G,C,A,T,","N","3",0.106558932823376
25538,"G","G,C,A,T,","N","3",0.290629860456526
25546,"C","C,A,G,T,","N","3",0.103028365771999
25549,"C","C,A,G,T,","N","3",0.19393317278493
25552,"G","G,C,A,T,","N","3",0.226218895448968
25553,"C","C,A,G,T,","N","3",0.177622536572371
25563,"G","G,C,A,T,","N","3",4.86360412831248
25571,"C","C,A,G,T,","N","3",0.106558932823376
25572,"C","C,A,G,T,","N","3",0.137896362684357
25578,"C","C,A,G,T,","N","3",0.105989957141542
25584,"C","C,A,G,T,","N","3",42.3316448372095
25587,"C","C,A,G,T,","N","3",0.196296610232546
25595,"G","G,C,A,T,","N","3",0.20027944000538
25599,"G","G,C,A,T,","N","3",0.118361530941408
25603,"C","C,A,G,T,","N","3",0.13490559307472
25613,"C","C,A,G,T,","N","3",0.237219091964415
25614,"C","C,A,G,T,","N","3",1.51710800456873
25617,"G","G,C,A,T,","N","3",0.124007520399602
25621,"G","G,C,A,T,","N","3",0.209076679393729
25624,"C","C,A,G,T,","N","3",1.78369499518778
25626,"C","C,A,G,T,","N","3",0.25237718769326
25644,"G","G,C,A,T,","N","3",0.169408861985903
25647,"G","G,C,A,T,","N","3",0.24207726894007
25658,"C","C,A,T,","H","2",0.179781726339329
25660,"G","G,C,A,T,","N","3",0.120185170947285
25665,"C","C,T,","Y","1",0.116829673336472
25667,"C","C,G,T,","B","2",0.100023007042314
25672,"C","C,A,G,T,","N","3",0.190446373093694
25677,"G","G,C,A,T,","N","3",0.210506413158336
25687,"G","G,C,A,T,","N","3",0.111533822759407
25688,"C","C,A,G,T,","N","3",0.14662065647247
25690,"G","G,C,A,T,","N","3",0.293445560625599
25693,"C","C,A,G,T,","N","3",0.111563000999501
25702,"C","C,A,G,T,","N","3",0.439103335174967
25703,"C","C,A,G,T,","N","3",0.198995597441243
25708,"C","C,A,G,T,","N","3",1.43235980621564
25710,"C","C,A,G,T,","N","3",0.621832063763792
25714,"C","C,A,G,T,","N","3",0.233907361713743
25720,"G","G,C,A,T,","N","3",0.408247346275536
25721,"C","C,A,G,T,","N","3",0.1061942048222
25726,"G","G,C,A,T,","N","3",0.154119464176635
25728,"C","C,A,G,T,","N","3",0.125699858325055
25731,"C","C,A,G,T,","N","3",0.168081252061625
25757,"G","G,C,A,T,","N","3",0.138494516606285
25775,"G","G,C,A,T,","N","3",0.119324412864511
25785,"G","G,C,A,T,","N","3",0.809404380208225
25806,"A","A,C,G,T,","N","3",0.115443706932006
25810,"C","C,A,G,T,","N","3",1.3864186671876
25844,"C","C,A,G,T,","N","3",0.606528076834476
25855,"G","G,C,A,T,","N","3",0.756679300358323
25872,"C","C,A,T,","H","2",0.188885337248664
25886,"C","C,A,G,T,","N","3",0.253310891376269
25889,"C","C,A,T,","H","2",0.168402212702659
25904,"C","C,G,T,","B","2",0.434755777400957
25906,"G","G,C,A,T,","N","3",0.427184024096558
25907,"G","G,C,A,T,","N","3",1.43310385133803
25913,"G","G,C,A,T,","N","3",0.11254047204265
25916,"C","C,A,G,T,","N","3",0.373977503285105
25947,"G","G,C,A,T,","N","3",0.273268807600581
25959,"T","T,C,G,","B","2",0.105960778901448
25968,"A","A,C,G,T,","N","3",0.140405691332443
25996,"G","G,C,A,T,","N","3",0.547704744804924
26013,"C","C,A,G,T,","N","3",0.189235476129792
26021,"A","A,C,G,T,","N","3",0.153375419054237
26022,"C","C,A,G,T,","N","3",0.165790760214244
26028,"C","C,A,T,","H","2",0.122723677835465
26029,"C","C,A,G,T,","N","3",0.11645035621525
26054,"C","C,A,G,T,","N","3",0.207763658589498
26058,"C","C,A,G,T,","N","3",0.162303960523008
26060,"C","C,A,G,T,","N","3",29.9189005405707
26062,"G","G,C,A,T,","N","3",0.339663892934533
26065,"G","G,C,A,T,","N","3",0.120301883907661
26078,"C","C,A,G,T,","N","3",0.141178914694935
26107,"G","G,C,A,T,","N","3",2.32133324716026
26109,"G","G,C,A,T,","N","3",0.216852680378786
26110,"C","C,A,G,T,","N","3",0.216852680378786
26111,"C","C,A,G,T,","N","3",0.195392084789631
26149,"T","T,C,A,G,","N","3",1.03868699086707
26151,"C","C,A,G,T,","N","3",0.225489439446617
26172,"G","G,C,A,T,","N","3",0.113678423406317
26256,"C","C,A,G,T,","N","3",0.179810904579423
26270,"C","C,G,T,","B","2",42.1539347659168
26275,"A","A,G,T,","D","2",0.243886319825899
26305,"C","C,A,G,T,","N","3",0.123555257678144
26313,"C","C,A,G,T,","N","3",0.108090790428312
26408,"C","C,A,G,T,","N","3",0.142681594059777
26416,"G","G,C,A,T,","N","3",0.103145078732375
26428,"G","G,C,A,T,","N","3",0.228100891935032
26456,"C","C,A,G,T,","N","3",0.20194259969074
26464,"C","C,A,G,T,","N","3",0.303336984017473
26492,"A","A,C,G,T,","N","3",0.158087704829422
26522,"C","C,A,G,T,","N","3",0.281103165065827
26526,"G","G,C,A,T,","N","3",0.241916788619553
26527,"C","C,A,G,T,","N","3",0.106427630742952
26529,"G","G,C,A,T,","N","3",11.8428786784825
26530,"A","A,C,G,T,","N","3",12.4240216864352
26577,"C","C,A,G,T,","N","3",41.5827415378362
26604,"T","T,C,A,G,","N","3",0.220908455751855
26606,"C","C,A,G,T,","N","3",0.188433074527207
26611,"C","C,A,G,T,","N","3",0.16322307508597
26625,"C","C,A,G,T,","N","3",0.215889798455683
26645,"C","C,A,T,","H","2",0.237335804924791
26681,"C","C,A,G,T,","N","3",1.15615858548561
26690,"G","G,C,A,T,","N","3",0.152222878570523
26709,"G","G,A,T,","D","2",41.936761124897
26730,"G","G,C,A,T,","N","3",0.270774068072542
26735,"C","C,T,","Y","1",0.913950014465112
26759,"A","A,C,G,T,","N","3",0.127012879129286
26763,"G","G,C,A,T,","N","3",0.300462927368212
26767,"T","T,C,A,G,","N","3",33.4138701390329
26786,"A","A,C,G,T,","N","3",0.180336112901115
26801,"C","C,A,G,T,","N","3",2.0391942545711
26822,"C","C,A,G,T,","N","3",0.164317259089496
26828,"G","G,C,A,T,","N","3",0.160786692038119
26858,"C","C,A,G,T,","N","3",17.2396130206729
26873,"C","C,A,G,T,","N","3",0.241128976137014
26876,"T","T,C,A,","H","2",0.401186212172782
26882,"C","C,A,G,T,","N","3",0.147131275674116
26885,"C","C,A,T,","H","2",0.209062090273682
26894,"C","C,A,G,T,","N","3",0.215787674615354
26895,"C","C,A,G,T,","N","3",0.133548804910348
26907,"C","C,A,G,T,","N","3",0.133388324589831
26918,"G","G,C,A,T,","N","3",0.100577393604101
26927,"A","A,C,G,T,","N","3",0.113576299565988
26936,"C","C,A,G,T,","N","3",0.162887525324889
26951,"G","G,C,A,T,","N","3",0.216079457016294
26972,"T","T,C,A,G,","N","3",0.248992511842353
27002,"C","C,A,G,T,","N","3",0.11254047204265
27005,"C","C,A,G,T,","N","3",0.453634098741791
27012,"C","C,A,T,","H","2",2.41286538633522
27014,"G","G,C,A,T,","N","3",0.251866568491615
27038,"A","A,C,G,T,","N","3",3.82048204495112
27059,"C","C,T,","Y","1",0.178687542335803
27112,"G","G,C,A,T,","N","3",0.157898046268811
27131,"C","C,A,G,T,","N","3",0.131944001705176
27143,"C","C,A,G,T,","N","3",0.25320876753594
27213,"C","C,A,G,T,","N","3",0.278506301697459
27218,"A","A,C,G,T,","N","3",0.158627502271161
27247,"C","C,A,G,T,","N","3",0.123642792398427
27259,"A","A,C,G,T,","N","3",30.0820506700564
27291,"T","T,C,G,","B","2",0.947227797292347
27294,"C","C,A,G,T,","N","3",0.239276157891043
27297,"C","C,A,G,T,","N","3",0.201723762890035
27338,"A","A,C,G,T,","N","3",0.159809220994969
27345,"A","A,C,G,T,","N","3",0.395190083833461
27371,"C","C,A,G,T,","N","3",0.198616280320021
27382,"G","G,C,A,T,","N","3",17.3760358822325
27383,"A","A,C,G,T,","N","3",17.1148030986707
27384,"T","T,C,A,G,","N","3",17.5933262362127
27389,"C","C,A,G,T,","N","3",0.542335948627623
27390,"G","G,C,A,T,","N","3",0.201359034888859
27393,"C","C,A,G,T,","N","3",0.247037569756054
27409,"T","T,C,A,G,","N","3",0.101102601925793
27434,"C","C,A,G,T,","N","3",0.253748564977679
27438,"T","T,C,A,G,","N","3",2.66926917116145
27463,"G","G,C,A,T,","N","3",0.129186658016291
27476,"C","C,A,G,T,","N","3",0.19139466589675
27484,"T","T,C,A,G,","N","3",0.116508712695438
27493,"C","C,A,G,T,","N","3",0.165703225493962
27494,"C","C,A,G,T,","N","3",0.165834527574385
27505,"G","G,C,A,T,","N","3",0.119849621186203
27506,"G","G,C,A,T,","N","3",0.165148838932176
27507,"A","A,C,G,T,","N","3",2.32247119852393
27509,"C","C,A,G,T,","N","3",0.184829561875595
27513,"C","C,A,G,T,","N","3",2.73006203439735
27516,"G","G,C,A,T,","N","3",0.216969393339162
27526,"C","C,A,G,T,","N","3",0.279790144261596
27527,"C","C,A,G,T,","N","3",1.26115648246395
27532,"C","C,A,G,T,","N","3",0.708564382443278
27549,"C","C,A,G,T,","N","3",0.139413631169246
27559,"C","C,A,G,T,","N","3",0.163821229007898
27561,"G","G,C,A,T,","N","3",0.102663637770823
27566,"G","G,C,A,T,","N","3",0.141514464456016
27577,"C","C,A,G,T,","N","3",0.487291198690247
27600,"C","C,A,G,T,","N","3",0.165192606292317
27604,"G","G,C,A,T,","N","3",0.649638926573397
27610,"C","C,A,G,T,","N","3",0.254959461941581
27629,"C","C,A,G,T,","N","3",0.158379487230362
27630,"C","C,A,G,T,","N","3",0.157183179386507
27632,"G","G,C,A,T,","N","3",0.136831356920925
27638,"T","T,C,A,G,","N","3",32.7751730524947
27641,"C","C,A,G,T,","N","3",0.161924643401786
27643,"C","C,A,G,T,","N","3",0.153988162096211
27644,"C","C,A,G,T,","N","3",0.112234100521663
27649,"C","C,A,G,T,","N","3",0.111460877159172
27654,"C","C,A,G,T,","N","3",0.234578461235906
27670,"G","G,C,A,T,","N","3",0.113065680364343
27674,"A","A,C,G,T,","N","3",0.108455518429487
27684,"C","C,A,G,T,","N","3",0.11166512483983
27688,"C","C,A,G,T,","N","3",0.106150437462059
27689,"C","C,A,G,T,","N","3",0.13251297738701
27707,"C","C,A,G,T,","N","3",0.116129395574215
27739,"C","C,A,G,T,","N","3",0.761829259734919
27741,"C","C,A,G,T,","N","3",0.190242125413036
27745,"A","A,C,G,T,","N","3",0.199885533764111
27752,"C","C,A,G,T,","N","3",33.1095556839722
27762,"G","G,C,A,T,","N","3",0.111548411879454
27769,"C","C,A,G,T,","N","3",0.135751762037446
27788,"G","G,C,A,T,","N","3",1.32529025419062
27798,"G","G,C,A,T,","N","3",0.163427322766628
27800,"C","C,A,G,T,","N","3",0.295823587193262
27807,"C","C,A,G,T,","N","3",42.2198338211692
27847,"C","C,A,G,T,","N","3",0.100606571844195
27870,"G","G,C,A,T,","N","3",0.149363411041309
27874,"C","C,A,G,T,","N","3",29.4227683351319
27879,"C","C,A,G,T,","N","3",0.180277756420927
27881,"C","C,A,G,T,","N","3",0.198149428478517
27889,"C","C,A,G,T,","N","3",12.0034173554798
27890,"G","G,C,A,T,","N","3",0.332894541232719
27915,"G","G,C,A,T,","N","3",0.129784811938219
27920,"C","C,A,G,T,","N","3",0.135357855796177
27923,"C","C,A,G,T,","N","3",0.113474175725659
27925,"C","C,A,G,T,","N","3",0.730418884273702
27942,"C","C,A,G,T,","N","3",0.168212554142048
27944,"C","C,A,G,T,","N","3",1.15995175669783
27945,"C","C,A,G,T,","N","3",0.341516711180503
27964,"C","C,A,G,T,","N","3",1.52034678921917
27967,"G","G,C,A,T,","N","3",0.292453500462402
27972,"C","C,A,G,T,","N","3",12.0364033559061
27985,"A","A,C,G,T,","N","3",0.336950316605789
27999,"C","C,A,G,T,","N","3",0.298493396161865
28001,"G","G,C,A,T,","N","3",0.3351850330801
28005,"C","C,A,G,T,","N","3",0.198630869440068
28007,"T","T,C,A,G,","N","3",0.71148220645268
28027,"G","G,C,A,T,","N","3",0.146839493273176
28028,"G","G,C,A,T,","N","3",0.117953035580092
28044,"G","G,C,A,T,","N","3",0.162799990604607
28045,"C","C,A,G,T,","N","3",0.159765453634828
28048,"G","G,C,A,T,","N","3",11.9815628536494
28054,"C","C,A,G,T,","N","3",0.130587213540804
28073,"G","G,C,A,T,","N","3",0.917728596557289
28075,"G","G,C,A,T,","N","3",0.288543616289803
28077,"G","G,C,A,T,","N","3",0.382920633873923
28079,"G","G,C,A,T,","N","3",0.18587997851898
28083,"G","G,C,A,T,","N","3",0.114247399088151
28086,"G","G,C,A,T,","N","3",0.425229082010258
28087,"C","C,A,G,T,","N","3",0.652367092022188
28090,"G","G,C,A,T,","N","3",0.148415118238253
28093,"C","C,A,G,T,","N","3",0.561564408849585
28095,"A","A,C,G,T,","N","3",4.32173503152636
28109,"G","G,C,A,T,","N","3",0.184712848915219
28111,"A","A,C,G,T,","N","3",11.8606774049398
28144,"T","T,C,A,G,","N","3",0.165936651414714
28153,"C","C,A,G,T,","N","3",0.120535309828413
28167,"G","G,C,A,T,","N","3",1.03652780110011
28170,"C","C,A,T,","H","2",0.698512478730887
28191,"G","G,C,A,T,","N","3",0.138042253884827
28198,"G","G,C,A,T,","N","3",0.111096149157996
28209,"G","G,C,A,T,","N","3",0.326314848091517
28236,"C","C,A,G,T,","N","3",0.202890892493796
28245,"T","T,C,A,G,","N","3",0.285844629081106
28251,"T","T,C,A,G,","N","3",0.130981119782074
28253,"C","C,A,G,T,","N","3",1.36220072790956
28254,"A","A,C,G,T,","N","3",0.631854789236089
28271,"A","A,C,G,T,","N","3",42.4257738397528
28272,"A","A,C,G,T,","N","3",0.741929699990794
28280,"G","G,C,A,T,","N","3",11.8606482266998
28281,"A","A,C,G,T,","N","3",11.8161951779165
28282,"T","T,C,A,G,","N","3",11.8375828279054
28291,"C","C,A,G,T,","N","3",0.165119660692082
28299,"A","A,C,G,T,","N","3",2.33351516239952
28300,"G","G,C,A,T,","N","3",0.171174145511592
28308,"C","C,A,G,T,","N","3",0.115808434933181
28310,"C","C,A,G,T,","N","3",0.328532394338663
28311,"C","C,A,G,T,","N","3",42.5216827149419
28312,"C","C,A,G,T,","N","3",0.769415602159365
28326,"G","G,C,A,T,","N","3",0.441247935821877
28330,"A","A,C,G,T,","N","3",6.83411280570224
28333,"C","C,A,G,T,","N","3",0.112219511401616
28344,"C","C,A,G,T,","N","3",0.124138822480025
28363,"A","A,C,G,T,","N","3",0.2016508172898
28371,"G","G,C,A,T,","N","3",1.09182056607828
28378,"G","G,C,A,T,","N","3",0.525952366814829
28396,"G","G,C,A,T,","N","3",0.339342932293499
28402,"A","A,C,G,T,","N","3",0.52882642346409
28432,"C","C,T,","Y","1",0.554561631227019
28435,"C","C,A,G,T,","N","3",0.33039980170468
28460,"G","G,C,A,T,","N","3",0.149655193442249
28461,"A","A,C,G,T,","N","3",32.5379831387704
28462,"C","C,A,T,","H","2",0.150982803366527
28472,"C","C,A,G,T,","N","3",1.58376569406353
28498,"C","C,A,G,T,","N","3",0.212621835565153
28512,"C","C,A,G,T,","N","3",1.03848274318641
28531,"C","C,A,T,","H","2",0.238648825729022
28541,"G","G,C,A,T,","N","3",0.213978623729525
28603,"C","C,T,","Y","1",0.388158127970801
28606,"C","C,A,G,T,","N","3",0.132600512107292
28628,"G","G,C,A,T,","N","3",0.18660943452133
28651,"C","C,A,G,T,","N","3",0.332573580591685
28657,"C","C,A,G,T,","N","3",0.388727103652634
28677,"C","C,A,G,T,","N","3",0.395759059515294
28681,"G","G,C,A,T,","N","3",1.48069356093139
28690,"G","G,C,A,T,","N","3",0.230887413864012
28697,"C","C,A,G,T,","N","3",0.112292457001851
28703,"G","G,C,A,T,","N","3",0.119616195265451
28706,"C","C,A,G,T,","N","3",0.121148052870387
28708,"C","C,A,G,T,","N","3",0.266280619098063
28720,"C","C,A,G,T,","N","3",0.184990042196112
28724,"C","C,A,G,T,","N","3",1.47615634459677
28725,"C","C,A,G,T,","N","3",0.277645543614685
28727,"G","G,C,A,T,","N","3",0.193291251502862
28744,"C","C,A,G,T,","N","3",0.233002836270828
28833,"C","C,A,T,","H","2",0.181911737866192
28849,"C","C,A,G,T,","N","3",0.195333728309443
28851,"G","G,C,A,T,","N","3",0.152004041769818
28854,"C","C,A,T,","H","2",1.04157563663637
28857,"G","G,C,A,T,","N","3",0.114159864367869
28868,"C","C,A,G,T,","N","3",0.103714054414208
28869,"C","C,A,G,T,","N","3",1.81090370407546
28877,"A","A,C,G,T,","N","3",1.84168674737465
28878,"G","G,C,A,T,","N","3",1.98925569665018
28879,"T","T,C,A,G,","N","3",0.139092670528212
28881,"G","G,C,A,T,","N","3",91.2491686025213
28882,"G","G,C,A,T,","N","3",57.5892091865355
28883,"G","G,C,A,T,","N","3",57.6529198737808
28884,"G","G,C,A,T,","N","3",0.926161107944462
28887,"C","C,A,G,T,","N","3",1.22736808043507
28892,"C","C,A,G,T,","N","3",0.128325899933517
28895,"G","G,C,A,T,","N","3",0.369381930470296
28899,"G","G,C,A,T,","N","3",0.115968915253698
28903,"G","G,C,A,T,","N","3",0.113838903726834
28905,"C","C,A,G,T,","N","3",0.112438348202321
28909,"C","C,A,G,T,","N","3",0.121717028552221
28916,"G","G,C,A,T,","N","3",29.6269430701899
28932,"C","C,A,G,T,","N","3",1.73534665135198
28948,"C","C,A,G,T,","N","3",0.132615101227339
28957,"C","C,A,G,T,","N","3",0.146503943512094
28960,"G","G,C,A,T,","N","3",0.116873440696613
28961,"C","C,A,G,T,","N","3",0.138304858045674
28967,"A","A,C,G,T,","N","3",0.165805349334291
28975,"G","G,C,A,T,","N","3",1.64025476688556
28977,"C","C,A,G,T,","N","3",11.8900744818346
28985,"G","G,C,A,T,","N","3",0.132352497066493
29000,"G","G,C,A,T,","N","3",0.135255731955848
29050,"G","G,C,A,T,","N","3",1.3688241884109
29077,"C","C,A,T,","H","2",0.174121147761088
29081,"G","G,C,A,T,","N","3",0.254580144820359
29085,"C","C,A,T,","H","2",0.106383863382811
29095,"C","C,A,T,","H","2",0.485277900123759
29119,"C","C,A,G,T,","N","3",0.116815084216425
29140,"G","G,C,A,T,","N","3",0.120666611908836
29144,"C","C,A,G,T,","N","3",0.180744608262431
29149,"C","C,A,G,T,","N","3",0.100271022083113
29167,"C","C,T,","Y","1",0.204991725780565
29171,"C","C,A,G,T,","N","3",0.188520609247489
29179,"G","G,C,A,T,","N","3",0.347542017759919
29197,"C","C,A,G,T,","N","3",0.275676012408338
29200,"C","C,A,G,T,","N","3",0.223461551760083
29218,"C","C,A,G,T,","N","3",0.132921472748326
29227,"G","G,C,A,T,","N","3",0.206115088024185
29249,"C","C,A,G,T,","N","3",0.108134557788453
29253,"C","C,G,T,","B","2",0.688971194220141
29254,"G","G,C,A,T,","N","3",0.28348119163349
29260,"G","G,C,A,T,","N","3",0.215014451252863
29266,"G","G,C,A,T,","N","3",0.10282411809134
29272,"C","C,A,T,","H","2",0.312353060206526
29284,"C","C,A,G,T,","N","3",0.294539744629125
29296,"C","C,A,G,T,","N","3",0.213424237167738
29301,"A","A,C,G,T,","N","3",1.18043488124383
29311,"C","C,A,G,T,","N","3",0.300200323207366
29332,"G","G,C,A,T,","N","3",0.109257920032073
29353,"C","C,A,T,","H","2",0.197201135675461
29358,"C","C,A,G,T,","N","3",0.360453389001525
29362,"C","C,A,G,T,","N","3",0.458623577797869
29366,"C","C,A,G,T,","N","3",0.296932360316835
29367,"C","C,A,G,T,","N","3",0.175244510004708
29370,"C","C,A,G,T,","N","3",0.222323600396416
29386,"C","C,A,G,T,","N","3",0.226218895448968
29392,"G","G,C,A,T,","N","3",0.257439612349573
29399,"G","G,C,A,T,","N","3",0.404293694742796
29402,"G","G,C,A,T,","N","3",33.4931620064884
29409,"C","C,A,G,T,","N","3",0.200235672645239
29420,"C","C,A,G,T,","N","3",0.143556941262598
29421,"C","C,A,G,T,","N","3",0.178089388413875
29422,"G","G,C,A,T,","N","3",0.545443431197637
29427,"G","G,C,A,T,","N","3",0.19476475262761
29440,"G","G,C,A,T,","N","3",0.145511883348898
29445,"C","C,A,G,T,","N","3",0.207894960669921
29449,"G","G,C,A,T,","N","3",0.180131865220457
29466,"C","C,A,G,T,","N","3",0.171305447592015
29474,"G","G,C,A,T,","N","3",0.199447860162701
29507,"A","A,C,G,T,","N","3",0.237642176445778
29509,"C","C,A,G,T,","N","3",1.41988610857544
29510,"A","A,C,G,T,","N","3",29.3188792112772
29511,"G","G,C,A,T,","N","3",0.10507084257858
29524,"T","T,C,A,G,","N","3",0.228057124574891
29527,"G","G,C,A,T,","N","3",0.229734873380298
29535,"C","C,A,G,T,","N","3",0.100635750084289
29541,"C","C,A,G,T,","N","3",0.23758381996559
29543,"G","G,C,A,T,","N","3",0.408757965477182
29545,"C","C,A,G,T,","N","3",0.13280475978795
29554,"G","G,C,A,T,","N","3",0.235935249400278
29555,"C","C,A,G,T,","N","3",0.326956769373585
29557,"G","G,C,A,T,","N","3",0.229107541218276
29580,"C","C,A,G,T,","N","3",0.142652415819683
29585,"C","C,A,G,T,","N","3",0.187338890523681
29593,"G","G,C,A,T,","N","3",0.180598717061961
29614,"C","C,A,G,T,","N","3",0.775776458499862
29625,"C","C,A,G,T,","N","3",0.13041214410024
29627,"C","C,A,G,T,","N","3",0.151683081128784
29628,"G","G,C,A,T,","N","3",0.112190333161522
29632,"C","C,A,G,T,","N","3",0.741448259029243
29640,"C","C,A,G,T,","N","3",0.118711669822536
29642,"C","C,A,G,T,","N","3",0.191409255016797
29645,"G","G,C,A,T,","N","3",1.79576019746666
29648,"G","G,C,A,T,","N","3",0.150705610085634
29666,"C","C,A,G,T,","N","3",2.79669054565206
29679,"C","C,A,G,T,","N","3",0.208172153950814
29686,"C","C,A,G,T,","N","3",0.180438236741444
29688,"G","G,C,A,T,","N","3",0.198105661118376
29690,"G","G,C,A,T,","N","3",0.142346044298696
29692,"G","G,C,A,T,","N","3",0.2492551160032
29700,"A","A,C,G,T,","N","3",2.16250149720844
29706,"G","G,C,A,T,","N","3",0.325672926809448
29708,"C","C,A,G,T,","N","3",0.15785427890867
29711,"G","G,C,A,T,","N","3",0.171757710313472
29733,"C","C,A,G,T,","N","3",0.200804648327073
29734,"G","G,C,A,T,","N","3",0.943770175841205
29736,"G","G,C,A,T,","N","3",0.372095506799041
29737,"G","G,C,A,T,","N","3",0.184654492435031
29738,"C","C,A,G,T,","N","3",0.412872097330439
29742,"G","G,C,A,T,","N","3",32.2013246045655
29743,"C","C,A,G,T,","N","3",0.139895072130798
29744,"G","G,C,A,T,","N","3",0.157839689788623
29745,"G","G,C,A,T,","N","3",0.117281936057929
29747,"G","G,C,A,T,","N","3",0.227225544732212
29750,"C","C,A,G,T,","N","3",0.295969478393732
29751,"G","G,C,A,T,","N","3",0.25306287633547
29754,"C","C,A,G,T,","N","3",0.176645065529221
29755,"G","G,C,A,T,","N","3",0.148911148319851
29759,"G","G,C,A,T,","N","3",0.185106755156488
29762,"C","C,A,G,T,","N","3",0.238386221568176
29764,"G","G,C,A,T,","N","3",0.649857763374102
29769,"C","C,A,G,T,","N","3",0.269796597029393
29774,"C","C,A,G,T,","N","3",0.360205373960726
29779,"G","G,C,A,T,","N","3",0.357112480510759
29781,"G","G,C,A,T,","N","3",0.305437817304243
29782,"A","A,C,G,T,","N","3",0.109783128353765
29783,"G","G,C,A,T,","N","3",0.100037596162361
29810,"G","G,C,A,T,","N","3",0.135576692596882
29825,"G","G,C,A,T,","N","3",0.113401230125424
29834,"T","T,C,A,G,","N","3",0.680845054353955
