"Forward Primer","Fw Length","Fw Start","Fw End","Fw Tm","Fw GC","Reverse Primer","Rv Length","Rv Start","Rv End","Rv Tm","Rv GC","Tm Difference","Amplicon Length","Amplicon Mutations","Fw SARS-CoV-2 Specificity","Rv SARS-CoV-2 Specificity"
"acgtggctttggagactcc",19,349,367,"59.63","57.89","acgcctttttcaacttctactaagcc",26,419,444,"61.95","42.31","2.32",96,1,0.605752892561984,0.426067768595041
"acgtggctttggagactcc",19,349,367,"59.63","57.89","agttcgagcatccgaacg",18,482,499,"57.52","55.56","2.11",151,2,0.605752892561984,0.52033305785124
"acgtggctttggagactcc",19,349,367,"59.63","57.89","cagttcgagcatccgaac",18,483,500,"55.94","55.56","3.69",152,2,0.605752892561984,0.8981
"acgtggctttggagactcc",19,349,367,"59.63","57.89","aggtgcagttcgagcatccgaa",22,484,505,"64.50","54.55","4.87",157,2,0.605752892561984,0.9496
"gtcttatcagaggcacgtc",19,377,395,"55.16","52.63","aatgccttcgagttctgctac",21,530,550,"58.38","47.62","3.22",174,9,0.566849586776859,0.565900826446281
"gtcttatcagaggcacgtc",19,377,395,"55.16","52.63","actgaatgccttcgagttctg",21,534,554,"58.31","47.62","3.15",178,9,0.566849586776859,0.308329752066116
"ttgcctcaacttgaacagc",19,446,464,"56.35","47.37","aagtgtctcaccactacgac",20,558,577,"56.92","50.00","0.57",132,9,0.229784297520661,0.35540826446281
"ttgcctcaacttgaacagc",19,446,464,"56.35","47.37","accaagtgtctcaccactacg",21,560,580,"59.66","52.38","3.31",135,9,0.229784297520661,0.38690826446281
"ttgcctcaacttgaacagc",19,446,464,"56.35","47.37","acaccaagtgtctcaccactac",22,561,582,"59.90","50.00","3.55",137,9,0.229784297520661,0.649411570247934
"ggtcgtagtggtgagaca",18,557,574,"55.56","55.56","ccaccagctcctttattacc",20,644,663,"55.50","50.00","0.06",107,6,0.970557024793388,0.1091
"ggtcgtagtggtgagaca",18,557,574,"55.56","55.56","gccaccagctcctttattac",20,645,664,"56.19","50.00","0.63",108,6,0.970557024793388,0.1288
"ggtcgtagtggtgagaca",18,557,574,"55.56","55.56","atggccaccagctcctttatta",22,646,667,"59.49","45.45","3.93",111,6,0.970557024793388,0.1163
"ggtcgtagtggtgagaca",18,557,574,"55.56","55.56","aaggatcagtgccaagctc",19,707,725,"57.43","52.63","1.87",169,9,0.970557024793388,0.204432231404959
"ggtcgtagtggtgagaca",18,557,574,"55.56","55.56","cataaggatcagtgccaagc",20,709,728,"56.56","50.00","1.00",172,9,0.970557024793388,0.278530578512397
"ggtcgtagtggtgagaca",18,557,574,"55.56","55.56","cttcataaggatcagtgccaag",22,710,731,"56.84","45.45","1.28",175,9,0.970557024793388,0.258687603305785
"ggtcgtagtggtgagaca",18,557,574,"55.56","55.56","tcttcataaggatcagtgcca",21,712,732,"56.43","42.86","0.87",176,9,0.970557024793388,0.306864462809917
"agaacggtaataaaggagctg",21,639,659,"55.41","42.86","atgcccctccgttaagctc",19,791,809,"59.47","57.89","4.06",171,6,0.303587603305785,0.2532
"aagaacggtaataaaggagctg",22,638,659,"56.17","40.91","tatgcccctccgttaagctca",21,790,810,"60.97","52.38","4.80",173,6,0.299487603305785,0.290166115702479
"agaacggtaataaaggagctg",21,639,659,"55.41","42.86","gtatgcccctccgttaagc",19,793,811,"58.00","57.89","2.59",173,6,0.303587603305785,0.54996694214876
"agaacggtaataaaggagctg",21,639,659,"55.41","42.86","agtgtatgcccctccgttaag",21,794,814,"59.51","52.38","4.10",176,6,0.303587603305785,0.51686694214876
"gtgttacccgtgaactcatg",20,768,787,"56.47","50.00","gctagaaggtctttaatgcactcaa",25,858,882,"59.36","40.00","2.89",115,6,0.840311570247934,0.505511570247934
"gtgttacccgtgaactcatg",20,768,787,"56.47","50.00","tgctagaaggtctttaatgcac",22,862,883,"56.44","40.91","0.03",116,6,0.840311570247934,0.581656198347107
"gtgttacccgtgaactcatg",20,768,787,"56.47","50.00","aagtgcatgaagctttacca",20,889,908,"55.55","40.00","0.92",141,7,0.840311570247934,0.901432231404959
"gtgttacccgtgaactcatg",20,768,787,"56.47","50.00","aaagtgcatgaagctttaccag",22,888,909,"57.49","40.91","1.02",142,7,0.840311570247934,0.850332231404959
"gtgttacccgtgaactcatg",20,768,787,"56.47","50.00","acaaagtgcatgaagctttacc",22,890,911,"57.76","40.91","1.29",144,7,0.840311570247934,0.572031404958678
"gtgttacccgtgaactcatg",20,768,787,"56.47","50.00","gacaaagtgcatgaagctttac",22,891,912,"56.52","40.91","0.05",145,7,0.840311570247934,0.865738842975207
"atcaagactattcaaccaaggg",22,1106,1127,"55.78","40.91","tgacgcaactggatagaca",19,1171,1189,"56.08","47.37","0.30",84,3,0.976742975206612,0.643760330578512
"atcaagactattcaaccaaggg",22,1106,1127,"55.78","40.91","aaggcacatttggttgcattca",22,1195,1216,"59.90","40.91","4.12",111,5,0.976742975206612,0.876039669421488
"atcaagactattcaaccaaggg",22,1106,1127,"55.78","40.91","aaaggcacatttggttgcattc",22,1196,1217,"58.86","40.91","3.08",112,5,0.976742975206612,0.613539669421488
"tgtctatccagttgcgtca",19,1171,1189,"56.08","47.37","ccatgaagtttcaccacaatga",22,1237,1258,"57.15","40.91","1.07",88,3,0.984617355371901,0.216334710743802
"tgtctatccagttgcgtca",19,1171,1189,"56.08","47.37","ctgccatgaagtttcaccacaa",22,1240,1261,"59.64","45.45","3.56",91,3,0.984617355371901,0.358437190082645
"tgtctatccagttgcgtca",19,1171,1189,"56.08","47.37","tctgccatgaagtttcacc",19,1244,1262,"55.40","47.37","0.68",92,3,0.984617355371901,0.45804958677686
"tgaatgcaaccaaatgtgc",19,1195,1213,"55.17","42.11","aagtaaccacaagtagtggca",21,1324,1344,"57.15","42.86","1.98",150,6,1.00600661157025,1.08857933884298
"tgaatgcaaccaaatgtgc",19,1195,1213,"55.17","42.11","ggtaagtaaccacaagtagtgg",22,1326,1347,"56.12","45.45","0.95",153,6,1.00600661157025,0.401147933884297
"ttgcctttggaggctgtgtgttc",23,1476,1498,"63.92","52.17","aacaacacctgtatggttacaacc",24,1559,1582,"59.42","41.67","4.50",107,2,0.663686776859504,0.778217355371901
"ttgcctttggaggctgtgtgttc",23,1476,1498,"63.92","52.17","ccaacaacacctgtatggttacaac",25,1560,1584,"60.51","44.00","3.41",109,2,0.663686776859504,1.07443801652893
"cctttggaggctgtgtgttc",20,1479,1498,"59.05","55.00","caagaaggttgtcattaagacc",22,1598,1619,"55.03","40.91","4.02",141,5,0.541286776859504,1.25190413223141
"ggtcttaatgacaaccttcttg",22,1598,1619,"55.03","40.91","gtggaagcagaaaaagatgcc",21,1696,1716,"58.05","47.62","3.02",119,4,0.728696694214876,0.227261983471074
"ggtcttaatgacaaccttcttg",22,1598,1619,"55.03","40.91","cttgtggaagcagaaaaagatgc",23,1697,1719,"59.01","43.48","3.98",122,4,0.728696694214876,0.176776859504132
"ggtcttaatgacaaccttcttg",22,1598,1619,"55.03","40.91","cacttgtggaagcagaaaaagatg",24,1698,1721,"59.02","41.67","3.99",124,4,0.728696694214876,0.175925619834711
"ccttgattggcttgaagaga",20,2146,2165,"55.34","45.00","aaagaatgtctgaacactctcc",22,2281,2302,"56.03","40.91","0.69",157,7,1.18836694214876,1.03792066115702
"cttagagggagaaacacttcc",21,2488,2508,"55.33","47.62","agcttcaacagcttcactagtag",23,2571,2593,"58.18","43.48","2.85",106,4,1.4055305785124,1.69262892561983
"cttagagggagaaacacttcc",21,2488,2508,"55.33","47.62","gagcttcaacagcttcacta",20,2575,2594,"55.41","45.00","0.08",107,4,1.4055305785124,1.82784710743802
"cttagagggagaaacacttcc",21,2488,2508,"55.33","47.62","ggagcttcaacagcttcac",19,2577,2595,"56.54","52.63","1.21",108,4,1.4055305785124,2.10297768595041
"cttagagggagaaacacttcc",21,2488,2508,"55.33","47.62","tggagcttcaacagcttca",19,2578,2596,"56.89","47.37","1.56",109,4,1.4055305785124,2.08537107438017
"cttagagggagaaacacttcc",21,2488,2508,"55.33","47.62","acaaactggtgtaccaacca",20,2598,2617,"57.19","45.00","1.86",130,5,1.4055305785124,0.605964462809917
"cttagagggagaaacacttcc",21,2488,2508,"55.33","47.62","aatacaaactggtgtaccaacc",22,2599,2620,"56.54","40.91","1.21",133,5,1.4055305785124,0.674260330578512
"aacaacctactagtgaagctg",21,2565,2585,"55.27","42.86","accatcatattaggtgcaaggg",22,2667,2688,"57.90","45.45","2.63",124,4,2.31065041322314,1.44044876033058
"aacaacctactagtgaagctg",21,2565,2585,"55.27","42.86","caccaaaagtaacctttgttggtg",24,2721,2744,"59.13","41.67","3.86",180,9,2.31065041322314,0.369084297520661
"ctgtgcccttgcacctaata",20,2662,2681,"57.58","50.00","acactcttgtaaccttgcacttcta",25,2757,2781,"60.16","40.00","2.58",120,7,1.52587190082645,0.391237190082645
"ctgtgatagaagtgcaaggttac",23,2751,2773,"57.21","43.48","ctgccacaacacaggcgaa",19,2876,2894,"61.19","57.89","3.98",144,5,0.363504958677686,0.386587603305785
"tgtgatagaagtgcaaggttac",22,2752,2773,"56.11","40.91","agcatctgccacaacacagg",20,2880,2899,"60.89","55.00","4.78",148,5,0.375704958677686,0.54096694214876
"tgtgatagaagtgcaaggttac",22,2752,2773,"56.11","40.91","acagcatctgccacaacaca",20,2882,2901,"60.47","50.00","4.36",150,5,0.375704958677686,0.1545
"tacagttgaactcggtacagaa",22,2845,2866,"56.81","40.91","gtggtgtaagtaattcagatactgg",25,2918,2942,"57.23","40.00","0.42",98,3,0.557438842975207,0.439314049586777
"ttgtgaagaagaagagtttgagcca",25,3070,3094,"60.86","40.00","agagcagcagaagtggcaccaa",22,3150,3171,"64.69","54.55","3.83",102,2,1.40954049586777,0.552748760330579
"ttgtgaagaagaagagtttgagcca",25,3070,3094,"60.86","40.00","aagagcagcagaagtggcacca",22,3151,3172,"64.69","54.55","3.83",103,2,1.40954049586777,0.61685867768595
"ttgtgaagaagaagagtttgagcca",25,3070,3094,"60.86","40.00","tgaagagcagcagaagtgg",19,3156,3174,"57.38","52.63","3.48",105,2,1.40954049586777,1.33999504132231
"gtgaagaagaagagtttgagcca",23,3072,3094,"58.87","43.48","ttgaagagcagcagaagtg",19,3157,3175,"55.46","47.37","3.41",104,2,1.39244049586777,1.64170247933884
"ttgtgaagaagaagagtttgagcca",25,3070,3094,"60.86","40.00","cttgttgaccaacagtttgttgac",24,3216,3239,"59.38","41.67","1.48",170,4,1.40954049586777,1.67271404958678
"agaagagcaagaagaagattgg",22,3181,3202,"56.08","40.91","aacaactggtgtaagttccatc",22,3304,3325,"56.55","40.91","0.47",145,6,0.527420661157025,1.95541818181818
"agaagagcaagaagaagattgg",22,3181,3202,"56.08","40.91","ctgaacaactggtgtaagttcca",23,3306,3328,"58.80","43.48","2.72",148,6,0.527420661157025,1.38858512396694
"agaagagcaagaagaagattgg",22,3181,3202,"56.08","40.91","tctgaacaactggtgtaagttc",22,3308,3329,"56.25","40.91","0.17",149,6,0.527420661157025,0.985887603305785
"ggttgttaatgcagccaatg",20,3433,3452,"55.88","45.00","cttaaaacacaactaccaccca",22,3561,3582,"56.48","40.91","0.60",150,1,1.19962231404959,0.94175041322314
"ggttgttaatgcagccaatg",20,3433,3452,"55.88","45.00","ccgcttaaaacacaactaccac",22,3564,3585,"58.12","45.45","2.24",153,1,1.19962231404959,0.813977685950413
"ggttgttaatgcagccaatg",20,3433,3452,"55.88","45.00","tccgcttaaaacacaactacc",21,3566,3586,"56.48","42.86","0.60",154,1,1.19962231404959,1.21433966942149
"gaaagctttgagaaaagtgccaacag",26,4207,4232,"61.87","42.31","actgtctttgcctcctctacag",22,4278,4299,"59.44","50.00","2.43",93,3,1.20443305785124,1.25250909090909
"tgtagaggaggcaaagaca",19,4279,4297,"55.23","47.37","gcatttctcgcaaattccaaga",22,4379,4400,"58.16","40.91","2.93",122,6,0.713685950413223,0.407444628099174
"tgtagaggaggcaaagaca",19,4279,4297,"55.23","47.37","agcatttctcgcaaattccaag",22,4380,4401,"58.16","40.91","2.93",123,6,0.713685950413223,0.397940495867769
"tgtagaggaggcaaagaca",19,4279,4297,"55.23","47.37","aagcatttctcgcaaattcc",20,4383,4402,"55.23","40.00","0.00",124,6,0.713685950413223,0.158080165289256
"tgtagaggaggcaaagaca",19,4279,4297,"55.23","47.37","gcaagcatttctcgcaaattc",21,4384,4404,"57.37","42.86","2.14",126,6,0.713685950413223,0.164714876033058
"tgtagaggaggcaaagaca",19,4279,4297,"55.23","47.37","acagacaggcattaatttgcg",21,4421,4441,"57.51","42.86","2.28",163,7,0.713685950413223,0.885574380165289
"tgtagaggaggcaaagaca",19,4279,4297,"55.23","47.37","acacagacaggcattaatttgc",22,4422,4443,"57.82","40.91","2.59",165,7,0.713685950413223,0.59753305785124
"atgcagaagaaacacgca",18,4407,4424,"55.18","44.44","gtgtgttgataagtgacgctacag",24,4554,4577,"59.91","45.83","4.73",171,7,0.888040495867769,0.43838347107438
"atgcagaagaaacacgca",18,4407,4424,"55.18","44.44","agtgtgttgataagtgacgctac",23,4556,4578,"58.76","43.48","3.58",172,7,0.888040495867769,0.46138347107438
"aaagattggtcctattctggac",22,4799,4820,"55.51","40.91","cctcacttctctcaaagaaagaag",24,4940,4963,"57.22","41.67","1.71",165,9,0.363643801652893,0.848578512396694
"aaagattggtcctattctggac",22,4799,4820,"55.51","40.91","tcctcacttctctcaaagaaag",22,4943,4964,"55.42","40.91","0.09",166,9,0.363643801652893,1.12477190082645
"gggtaggtacatgtcagca",19,5194,5212,"56.12","52.63","aatgcagtggcaagataaca",20,5285,5304,"55.62","40.00","0.50",111,3,0.700747933884298,0.427348760330579
"gggtaggtacatgtcagca",19,5194,5212,"56.12","52.63","acaatgcagtggcaagataa",20,5287,5306,"55.62","40.00","0.50",113,3,0.700747933884298,0.799766115702479
"gggtaggtacatgtcagca",19,5194,5212,"56.12","52.63","aacaatgcagtggcaagataac",22,5286,5307,"57.82","40.91","1.70",114,3,0.700747933884298,0.45645867768595
"gggtaggtacatgtcagca",19,5194,5212,"56.12","52.63","aagcatcttgtagagcaggtg",21,5340,5360,"58.02","47.62","1.90",167,5,0.700747933884298,0.563373553719008
"gttatcttgccactgcattg",20,5286,5305,"55.33","45.00","acctactgtcttattacagtaggc",24,5411,5434,"57.29","41.67","1.96",149,6,1.36373966942149,0.546407438016529
"gttatcttgccactgcattg",20,5286,5305,"55.33","45.00","cacctactgtcttattacagtagg",24,5412,5435,"55.81","41.67","0.48",150,6,1.36373966942149,0.570299173553719
"tgttatgatgtcagcaccac",20,5677,5696,"55.76","45.00","atgtttatagtgaccacactgg",22,5758,5779,"55.81","40.91","0.05",103,1,0.115872727272727,0.534207438016529
"tgacttaaatggtgatgtggtg",22,6148,6169,"56.62","40.91","ccaaagacaacgtatacacca",21,6287,6307,"55.92","42.86","0.70",160,4,0.598299173553719,0.166820661157025
"tgacttaaatggtgatgtggtg",22,6148,6169,"56.62","40.91","ctccaaagacaacgtatacacc",22,6288,6309,"56.82","45.45","0.20",162,4,0.598299173553719,0.175626446280992
"tggtgtatacgttgtctttgg",21,6287,6307,"55.92","42.86","agatcttcgcaggcaagatta",21,6376,6396,"57.17","42.86","1.25",110,6,0.193387603305785,0.559195041322314
"tggtgtatacgttgtctttgg",21,6287,6307,"55.92","42.86","ttagatcttcgcaggcaag",19,6380,6398,"55.01","47.37","0.91",112,6,0.193387603305785,0.474420661157025
"tggtgtatacgttgtctttgg",21,6287,6307,"55.92","42.86","ttttagatcttcgcaggcaa",20,6381,6400,"55.37","40.00","0.55",114,6,0.193387603305785,0.747223966942149
"gagtgtaatgtgaaaactaccg",22,6452,6473,"55.17","40.91","acataagcagccattagatctg",22,6543,6564,"56.02","40.91","0.85",113,4,0.216788429752066,0.692271900826446
"gtcccttgggatactatagctaa",23,6662,6684,"56.40","43.48","aacacggtttaaacaccgtgta",22,6736,6757,"58.73","40.91","2.33",96,3,1.97196363636364,1.4838347107438
"ggcattagtgtctgatgttggtg",23,7987,8009,"59.87","47.83","acacattctttgcaagttcagcttc",25,8114,8138,"60.96","40.00","1.09",152,6,0.517213223140496,1.67101652892562
"ggcattagtgtctgatgttggtg",23,7987,8009,"59.87","47.83","gacacattctttgcaagttcag",22,8118,8139,"56.45","40.91","3.42",153,6,0.517213223140496,1.08254380165289
"tagttgcaactgcagaagc",19,8100,8118,"56.15","47.37","cgagctgctgaaataaaagtag",22,8157,8178,"55.57","40.91","0.58",79,2,1.61351652892562,0.598195867768595
"tagttgcaactgcagaagc",19,8100,8118,"56.15","47.37","ctacatctgaatcaacaaaccc",22,8183,8204,"55.09","40.91","1.06",105,3,1.61351652892562,0.86730826446281
"gggtttgttgattcagatgtag",22,8183,8204,"55.09","40.91","acagtcaatacaagcaccaag",21,8327,8347,"56.45","42.86","1.36",165,7,0.562500826446281,0.185414049586777
"aggatacaaggctattgatggtg",23,8686,8708,"58.02","43.48","accatgtgtcaaaatcagcatg",22,8756,8777,"57.82","40.91","0.20",92,1,0.981551239669422,0.18235867768595
"acatgctgattttgacacatgg",22,8755,8776,"57.82","40.91","ggcaaaccaggcacgacaa",19,8856,8874,"61.49","57.89","3.67",120,5,0.224198347107438,1.08832892561983
"acatgctgattttgacacatgg",22,8755,8776,"57.82","40.91","aggcaaaccaggcacgaca",19,8857,8875,"62.41","57.89","4.59",121,5,0.224198347107438,1.12562892561983
"aacaagagaagtgggttttgtc",22,8839,8860,"57.02","40.91","ccaactgcactaaaaactctag",22,8922,8943,"55.06","40.91","1.96",105,2,1.22322892561983,0.76705041322314
"aacaagagaagtgggttttgtc",22,8839,8860,"57.02","40.91","accaactgcactaaaaactctagg",24,8921,8944,"58.94","41.67","1.92",106,2,1.22322892561983,0.514849586776859
"cctagagtttttagtgcagttg",22,8921,8942,"55.06","40.91","ggcttaccagaagcatctttaa",22,9030,9051,"56.42","40.91","1.36",131,6,0.534850413223141,0.589904958677686
"aacatcagcttgtgttttggc",21,8992,9012,"58.17","42.86","aacgtgtgtcagggcgtaaa",20,9106,9125,"60.18","50.00","2.01",134,3,0.673702479338843,1.23603553719008
"tgtactagaaggttctgttgc",21,9076,9096,"55.28","42.86","cttctgatctttcacaagtgc",21,9225,9245,"55.17","42.86","0.11",170,10,0.886014876033058,0.663074380165289
"tttacgccctgacacacg",18,9106,9123,"57.65","55.56","aagtacccatctaccactagtaga",24,9260,9283,"57.41","41.67","0.24",178,10,0.695160330578512,0.0957
"ggtgtttgtgtatctactagtgg",23,9248,9270,"56.38","43.48","aataccaccagctactatagatgc",24,9398,9421,"57.71","41.67","1.33",174,3,0.231814049586777,0.512207438016529
"ggtgtttgtgtatctactagtgg",23,9248,9270,"56.38","43.48","acaataccaccagctactatagatg",25,9399,9423,"57.77","40.00","1.39",176,3,0.231814049586777,0.754293388429752
"agagaagctgcttgttgtcatc",22,9944,9965,"58.93","45.45","ggtggttggtaaagaacatca",21,10003,10023,"56.07","42.86","2.86",80,2,1.18250909090909,0.112914049586777
"agagaagctgcttgttgtcatc",22,9944,9965,"58.93","45.45","gtggtggttggtaaagaacatc",22,10004,10025,"57.50","45.45","1.43",82,2,1.18250909090909,0.100209917355372
"agagaagctgcttgttgtcatc",22,9944,9965,"58.93","45.45","tgtggtggttggtaaagaac",20,10007,10026,"55.79","45.00","3.14",83,2,1.18250909090909,0.147484297520661
"agctgttttgcagagtgg",18,10042,10059,"55.48","50.00","ggtgcagatcacatgtcttgg",21,10169,10189,"59.26","52.38","3.78",148,7,0.148048760330579,0.198770247933884
"agctgttttgcagagtgg",18,10042,10059,"55.48","50.00","aggtgcagatcacatgtcttg",21,10170,10190,"58.29","47.62","2.81",149,7,0.148048760330579,0.258819008264463
"agctgttttgcagagtgg",18,10042,10059,"55.48","50.00","agaggtgcagatcacatgtc",20,10173,10192,"57.31","50.00","1.83",151,7,0.148048760330579,0.307648760330579
"agctgttttgcagagtgg",18,10042,10059,"55.48","50.00","cagaggtgcagatcacatg",19,10175,10193,"55.70","52.63","0.22",152,7,0.148048760330579,0.3247
"agctgttttgcagagtgg",18,10042,10059,"55.48","50.00","tcagaggtgcagatcaca",18,10177,10194,"55.05","50.00","0.43",153,7,0.148048760330579,0.61874958677686
"gtagtttactgtccaagacatgtg",24,10157,10180,"57.53","41.67","aacattaccagcctgtaccaa",21,10253,10273,"57.20","42.86","0.33",117,4,0.507800826446281,0.861928099173554
"gtagtttactgtccaagacatgtg",24,10157,10180,"57.53","41.67","gaacattaccagcctgtacc",20,10255,10274,"55.83","50.00","1.70",118,4,0.507800826446281,0.834661157024793
"gtagtttactgtccaagacatgtg",24,10157,10180,"57.53","41.67","tgaacattaccagcctgtac",20,10256,10275,"55.08","45.00","2.45",119,4,0.507800826446281,0.474640495867769
"ggttgatacagccaatcctaa",21,10324,10344,"55.36","42.86","agcacattggtaaacaccaga",21,10421,10441,"57.78","42.86","2.42",118,3,0.304348760330579,0.255784297520661
"ggttgatacagccaatcctaa",21,10324,10344,"55.36","42.86","catagcacattggtaaacacca",22,10423,10444,"56.96","40.91","1.60",121,3,0.304348760330579,0.268576033057851
"ggttgatacagccaatcctaa",21,10324,10344,"55.36","42.86","ctcatagcacattggtaaacac",22,10425,10446,"55.46","40.91","0.10",123,3,0.304348760330579,0.199226446280992
"gcttgttacaatggttcacca",21,10400,10420,"57.00","42.86","aaaccaacactaccacatgaac",22,10482,10503,"57.09","40.91","0.09",104,4,0.105034710743802,0.265805785123967
"gcttgttacaatggttcacca",21,10400,10420,"57.00","42.86","aaaaccaacactaccacatgaacc",24,10481,10504,"59.90","41.67","2.90",105,4,0.105034710743802,0.256039669421488
"gcttgttacaatggttcacca",21,10400,10420,"57.00","42.86","tggtaattccatatggtgcatg",22,10537,10558,"56.53","40.91","0.47",159,6,0.105034710743802,0.492134710743802
"tggagttcatgctggcaca",19,10561,10579,"59.54","52.63","agcagcgtacaaccaagctaaaaca",25,10663,10687,"63.66","44.00","4.12",127,4,0.785728099173554,0.238523966942149
"gtggtttctcaatcgatttacc",22,10705,10726,"55.46","40.91","attccagtttgagcagaaagag",22,10809,10830,"56.62","40.91","1.16",126,3,0.384012396694215,0.136633884297521
"gtggtttctcaatcgatttacc",22,10705,10726,"55.46","40.91","aattccagtttgagcagaaagagg",24,10808,10831,"59.48","41.67","4.02",127,3,0.384012396694215,0.135885123966942
"gtggtttctcaatcgatttacc",22,10705,10726,"55.46","40.91","caattccagtttgagcagaaag",22,10811,10832,"56.17","40.91","0.71",128,3,0.384012396694215,0.0928487603305785
"aaatggtatgaatggacgtacc",22,10873,10894,"56.22","40.91","gtgtacccttgattgttcttttcac",25,10979,11003,"58.79","40.00","2.57",131,3,0.434200826446281,1.08023223140496
"gtgaaaagaacaatcaagggtacac",25,10979,11003,"58.79","40.00","aaagaccattgagtactctggac",23,11048,11070,"57.85","43.48","0.94",92,2,0.988326446280992,0.358105785123967
"gtgaaaagaacaatcaagggtacac",25,10979,11003,"58.79","40.00","acaaagaccattgagtactctg",22,11051,11072,"55.76","40.91","3.03",94,2,0.988326446280992,0.4617
"gtgaaaagaacaatcaagggtacac",25,10979,11003,"58.79","40.00","aacaaagaccattgagtactctgg",24,11050,11073,"58.69","41.67","0.10",95,2,0.988326446280992,0.564357024793388
"tgctatgtctgcttttgca",19,11122,11140,"55.41","42.11","caaccatatccaaccatgtca",21,11256,11276,"55.92","42.86","0.51",155,4,1.0144,0.291548760330579
"tgctatgtctgcttttgca",19,11122,11140,"55.41","42.11","agtatcaaccatatccaaccatgtc",25,11257,11281,"58.70","40.00","3.29",160,4,1.0144,0.268248760330579
"agctaaagatactactgaagcc",22,11965,11986,"55.09","40.91","atgtctacagcaccctgca",19,12027,12045,"58.62","52.63","3.53",81,2,0.498019834710744,0.0439917355371901
"gcagggtgctgtagacataaa",21,12028,12048,"58.01","47.62","aagcttcttgagcagtagcaaa",22,12134,12155,"58.52","40.91","0.51",128,11,0.414210743801653,0.583689256198347
"gcagggtgctgtagacataaa",21,12028,12048,"58.01","47.62","tcataagcttcttgagcagtag",22,12138,12159,"55.65","40.91","2.36",132,11,0.414210743801653,0.507120661157025
"agctttaagggccaattctg",20,12652,12671,"55.98","45.00","gtaccggcagcacaagaca",19,12720,12738,"60.30","57.89","4.32",87,1,0.711471900826446,0.279012396694215
"agctttaagggccaattctg",20,12652,12671,"55.98","45.00","agtaccggcagcacaagac",19,12721,12739,"60.00","57.89","4.02",88,1,0.711471900826446,0.316312396694215
"agctttaagggccaattctg",20,12652,12671,"55.98","45.00","tagtaccggcagcacaag",18,12723,12740,"56.67","55.56","0.69",89,1,0.711471900826446,0.332761157024793
"tgtcttgtgctgccggta",18,12720,12737,"58.86","55.56","accagttccatcactcttaggga",23,12852,12874,"60.50","47.83","1.64",155,13,0.476569421487603,0.120252892561983
"tgtcttgtgctgccggta",18,12720,12737,"58.86","55.56","agtaccagttccatcactcttag",23,12855,12877,"57.08","43.48","1.78",158,13,0.476569421487603,0.152204132231405
"tgcactgttatccgatttacag",22,12811,12832,"56.53","40.91","cctttaggtgtgtctgtaacaa",22,12909,12930,"55.96","40.91","0.57",120,2,1.3887173553719,0.0674487603305785
"tgcactgttatccgatttacag",22,12811,12832,"56.53","40.91","acctttaggtgtgtctgtaacaaac",25,12907,12931,"59.41","40.00","2.88",121,2,1.3887173553719,0.105748760330579
"tgcactgttatccgatttacag",22,12811,12832,"56.53","40.91","gacctttaggtgtgtctgtaacaaa",25,12908,12932,"59.18","40.00","2.65",122,2,1.3887173553719,0.105748760330579
"tacagaactggaaccaccttgta",23,12883,12905,"59.03","43.48","ggcagctaaactaccaagtac",21,12989,13009,"56.35","47.62","2.68",127,4,0.0735404958677686,0.376726446280992
"tacagaactggaaccaccttgta",23,12883,12905,"59.03","43.48","tggcagctaaactaccaagta",21,12990,13010,"56.66","42.86","2.37",128,4,0.0735404958677686,0.678447107438017
"tacagaactggaaccaccttgta",23,12883,12905,"59.03","43.48","aattggcaggcacttctgttgca",23,13033,13055,"63.95","47.83","4.92",173,6,0.0735404958677686,0.390660330578512
"acaagctggtaatgcaaca",19,13021,13039,"55.30","42.11","attgcctgaccagtaccag",19,13170,13188,"56.73","52.63","1.43",168,5,0.547184297520661,0.16249173553719
"acaagctggtaatgcaaca",19,13021,13039,"55.30","42.11","ctgttattgcctgaccagtacc",22,13172,13193,"58.73","50.00","3.43",173,5,0.547184297520661,0.2166
"acaagctggtaatgcaaca",19,13021,13039,"55.30","42.11","actgttattgcctgaccagtac",22,13173,13194,"58.06","45.45","2.76",174,5,0.547184297520661,0.487700826446281
"tgaccctgtgggttttacac",20,13339,13358,"57.65","50.00","tgtgccgcacggtgtaaga",19,13494,13512,"62.15","57.89","4.50",174,3,0.121699173553719,0.0032
"agtgcagcccgtcttaca",18,13483,13500,"58.53","55.56","cttggaagcgacaacaattag",21,13592,13612,"55.53","42.86","3.00",130,2,0.0105,0.172904132231405
"agtgcagcccgtcttaca",18,13483,13500,"58.53","55.56","ttcttggaagcgacaacaa",19,13596,13614,"55.27","42.11","3.26",132,2,0.0105,0.515907438016529
"agtgcagcccgtcttaca",18,13483,13500,"58.53","55.56","tttcttggaagcgacaaca",19,13597,13615,"55.27","42.11","3.26",133,2,0.0105,0.520807438016529
"cagatatattacgcgtatacgccaa",25,13946,13970,"59.03","40.00","tcaccgaaatcataccagttac",22,14081,14102,"55.92","40.91","3.11",157,4,0.584993388429752,0.486617355371901
"cagatatattacgcgtatacgccaa",25,13946,13970,"59.03","40.00","gaaatcaccgaaatcataccag",22,14085,14106,"55.26","40.91","3.77",161,4,0.584993388429752,0.122776859504132
"aggtagtggagttcctgttg",20,14121,14140,"56.48","50.00","agtgtcaacatgtgactctgcag",23,14195,14217,"61.05","47.83","4.57",97,4,0.594115702479339,0.618018181818182
"aggtagtggagttcctgttg",20,14121,14140,"56.48","50.00","tcagtgtcaacatgtgactc",20,14200,14219,"55.35","45.00","1.13",99,4,0.594115702479339,0.305004132231405
"tggatgacagatgcattctg",20,14345,14364,"55.52","45.00","cagttgaaactacaaatggaacacc",25,14449,14473,"59.02","40.00","3.50",129,2,0.90944132231405,0.1318
"tggatgacagatgcattctg",20,14345,14364,"55.52","45.00","ccagttgaaactacaaatggaacac",25,14450,14474,"59.02","40.00","3.50",130,2,0.90944132231405,0.206225619834711
"tggatgacagatgcattctg",20,14345,14364,"55.52","45.00","gattatgtacaacacctagctctc",24,14486,14509,"56.68","41.67","1.16",165,3,0.90944132231405,0.488015702479339
"ccacttcagagagctaggtg",20,14478,14497,"57.04","55.00","agaagcagcgtgcatagcag",20,14573,14592,"61.09","55.00","4.05",115,2,0.678144628099174,0.651005785123967
"ccacttcagagagctaggtg",20,14478,14497,"57.04","55.00","accagaagcagcgtgcatag",20,14576,14595,"60.74","55.00","3.70",118,2,0.678144628099174,0.400498347107438
"ccacttcagagagctaggtg",20,14478,14497,"57.04","55.00","attaccagaagcagcgtgca",20,14579,14598,"60.32","50.00","3.28",121,2,0.678144628099174,0.484220661157025
"tgggttgggattatcctaaatg",22,15284,15305,"55.53","40.91","atgtttgcgagcaagaacaag",21,15346,15366,"58.00","42.86","2.47",83,1,0.105466115702479,0.0313586776859504
"tgggttgggattatcctaaatg",22,15284,15305,"55.53","40.91","gtatgtttgcgagcaagaac",20,15349,15368,"55.69","45.00","0.16",85,1,0.105466115702479,0.072897520661157
"tgggttgggattatcctaaatg",22,15284,15305,"55.53","40.91","gttgtatgtttgcgagcaagaa",22,15350,15371,"58.12","40.91","2.59",88,1,0.105466115702479,0.116948760330579
"tgcttagaattatggcctcac",21,15326,15346,"55.73","42.86","cacacatgaccatttcactcaa",22,15427,15448,"57.17","40.91","1.44",123,1,0.537180991735537,0.42832479338843
"tgcttagaattatggcctcac",21,15326,15346,"55.73","42.86","ccacacatgaccatttcactcaata",25,15425,15449,"59.58","40.00","3.85",124,1,0.537180991735537,0.475309917355372
"tgcttagaattatggcctcac",21,15326,15346,"55.73","42.86","gccacacatgaccatttcac",20,15431,15450,"57.65","50.00","1.92",125,1,0.537180991735537,0.363807438016529
"tccgcaatttacaacacaga",20,15599,15618,"55.60","40.00","accttgagatgcataagtgcta",22,15741,15762,"57.24","40.91","1.64",164,7,0.391434710743802,0.815805785123967
"tagcacttatgcatctcaagg",21,15741,15761,"55.47","42.86","agtccaacattttgcttcagac",22,15822,15843,"57.43","40.91","1.96",103,3,0.390580165289256,0.0869
"tagcacttatgcatctcaagg",21,15741,15761,"55.47","42.86","cagtccaacattttgcttcaga",22,15823,15844,"57.43","40.91","1.96",104,3,0.390580165289256,0.0869
"tagcacttatgcatctcaagg",21,15741,15761,"55.47","42.86","ctcagtccaacattttgcttca",22,15825,15846,"57.43","40.91","1.96",106,3,0.390580165289256,0.392120661157025
"tagcacttatgcatctcaagg",21,15741,15761,"55.47","42.86","gagcaaaattcatgaggtcctttag",25,15857,15881,"58.44","40.00","2.97",141,4,0.390580165289256,0.0886727272727273
"tgaccttactaaaggacctcatg",23,15849,15871,"57.32","43.48","ctgggtaaggaaggtacacataatc",25,15913,15937,"58.71","44.00","1.39",89,2,0.244847107438017,0.199173553719008
"tgaccttactaaaggacctcatg",23,15849,15871,"57.32","43.48","tctgggtaaggaaggtacac",20,15919,15938,"55.87","50.00","1.45",90,2,0.244847107438017,0.0833
"acatgatgagttaacaggacac",22,16113,16134,"56.10","40.91","acagcctgtaagactgtatgcg",22,16220,16241,"60.42","50.00","4.32",129,2,0.521556198347108,0.703840495867769
"acatgatgagttaacaggacac",22,16113,16134,"56.10","40.91","caccacatcttaatgaagtctgtga",25,16264,16288,"59.07","40.00","2.97",176,4,0.521556198347108,0.267
"gtgatgtcacagatgtgactc",21,16400,16420,"56.38","47.62","ccattagcacacaatggaaaac",22,16475,16496,"56.48","40.91","0.10",97,3,0.527517355371901,0.0663239669421488
"gtgatgtcacagatgtgactc",21,16400,16420,"56.38","47.62","gtccattagcacacaatggaaa",22,16477,16498,"57.22","40.91","0.84",99,3,0.527517355371901,0.11787520661157
"gtgatgtcacagatgtgactc",21,16400,16420,"56.38","47.62","tgtccattagcacacaatgg",20,16480,16499,"56.02","45.00","0.36",100,3,0.527517355371901,0.1307
"ccattagttttccattgtgtgc",22,16469,16490,"56.48","40.91","ctgctgcaaaaagcttgagtc",21,16622,16642,"58.61","47.62","2.13",174,3,0.0334,0.151698347107438
"ccattagttttccattgtgtgc",22,16469,16490,"56.48","40.91","gtttctgctgcaaaaagcttga",22,16625,16646,"58.81","40.91","2.33",178,3,0.0334,0.207355371900826
"tggacaaatgctggtgattac",21,16576,16596,"56.51","42.86","aattctctgtcagacagcacttcac",25,16700,16724,"61.25","44.00","4.74",149,2,0.151980165289256,0.133197520661157
"gccacaagagcactatgtta",20,16959,16978,"55.47","45.00","ctcttaccagtaccaggtggtc",22,17081,17102,"59.50","54.55","4.03",144,8,0.351630578512397,0.052097520661157
"gccacaagagcactatgtta",20,16959,16978,"55.47","45.00","actcttaccagtaccaggtg",20,17084,17103,"55.89","50.00","0.42",145,8,0.351630578512397,0.145738016528926
"ttctgctcgcatagtgtataca",22,17136,17157,"57.09","40.91","acacgagcacgtgcaggta",19,17237,17255,"61.85","57.89","4.76",120,3,0.153234710743802,0.160252892561983
"ttctgctcgcatagtgtataca",22,17136,17157,"57.09","40.91","tctacacgagcacgtgcag",19,17240,17258,"60.08","57.89","2.99",123,3,0.153234710743802,0.336947107438017
"acctgcacgtgctcgtgta",19,17238,17256,"61.85","57.89","caggcaatgcatttacagtaca",22,17308,17329,"57.30","40.91","4.55",92,4,0.36304132231405,0.432707438016529
"acctgcacgtgctcgtgta",19,17238,17256,"61.85","57.89","tcaggcaatgcatttacagtac",22,17309,17330,"57.04","40.91","4.81",93,4,0.36304132231405,0.439511570247934
"ggcgaccctgctcaatta",18,17434,17451,"57.05","55.56","aggaacatgtctggacctatag",22,17528,17549,"56.43","45.45","0.62",116,3,0.194670247933884,0.398540495867769
"ggcgaccctgctcaatta",18,17434,17451,"57.05","55.56","aggacaacgccgacaagttc",20,17552,17571,"60.88","55.00","3.83",138,5,0.194670247933884,0.18635041322314
"gaacttgtcggcgttgtc",18,17552,17569,"56.80","55.56","atttgtggcctgttaattgc",20,17695,17714,"55.10","40.00","1.70",163,5,0.15137520661157,0.1455
"gaacttgtcggcgttgtc",18,17552,17569,"56.80","55.56","cctatttgtggcctgttaattg",22,17696,17717,"55.67","40.91","1.13",166,5,0.15137520661157,0.236531404958678
"gaacttgtcggcgttgtc",18,17552,17569,"56.80","55.56","acgcctatttgtggcctgttaa",22,17699,17720,"60.55","45.45","3.75",169,5,0.15137520661157,0.280823140495868
"caagctgaaaatgtaacaggac",22,18037,18058,"55.91","40.91","ggtgcctgtgtaggatgtaacc",22,18089,18110,"60.68","54.55","4.77",74,3,0.458269421487603,1.11214876033058
"caagctgaaaatgtaacaggac",22,18037,18058,"55.91","40.91","aggtgcctgtgtaggatgtaac",22,18090,18111,"59.76","50.00","3.85",75,3,0.458269421487603,1.12414876033058
"caagctgaaaatgtaacaggac",22,18037,18058,"55.91","40.91","gtaggtgcctgtgtagga",18,18096,18113,"55.15","55.56","0.76",77,3,0.458269421487603,0.288330578512397
"caagctgaaaatgtaacaggac",22,18037,18058,"55.91","40.91","tgtaggtgcctgtgtagg",18,18097,18114,"55.48","55.56","0.43",78,3,0.458269421487603,0.264338842975207
"taaggacatgacctatagaagactc",25,18177,18201,"56.94","40.00","aacagcttctctagtagcatg",21,18322,18342,"55.14","42.86","1.80",166,3,0.170548760330579,0.1974
"taaggacatgacctatagaagactc",25,18177,18201,"56.94","40.00","accaacagcttctctagtagca",22,18324,18345,"58.83","45.45","1.89",169,3,0.170548760330579,0.474300826446281
"taaggacatgacctatagaagactc",25,18177,18201,"56.94","40.00","gtaccaacagcttctctagtag",22,18326,18347,"55.42","45.45","1.52",171,3,0.170548760330579,0.492910743801653
"cgcgaagaagctataagacatgta",24,18265,18288,"58.79","41.67","ggtgtatcaacataacctgtaggta",25,18398,18422,"57.88","40.00","0.91",158,4,0.896621487603306,0.639611570247934
"cgcgaagaagctataagacatgta",24,18265,18288,"58.79","41.67","aggtgtatcaacataacctgtagg",24,18400,18423,"57.76","41.67","1.03",159,4,0.896621487603306,0.692807438016529
"ttatgggcacatggctttgagttg",24,18592,18615,"62.12","45.83","atgtggcacgtctatcacatagaca",25,18661,18685,"61.90","44.00","0.22",94,3,0.986415702479339,0.2534
"ttatgggcacatggctttgagttg",24,18592,18615,"62.12","45.83","catgtggcacgtctatcacata",22,18665,18686,"58.28","45.45","3.84",95,3,0.986415702479339,0.635595867768595
"tctatgtgatagacgtgcca",20,18663,18682,"55.78","45.00","accccattgttgaacatcaatc",22,18762,18783,"57.19","40.91","1.41",121,4,0.59747520661157,0.135
"tctatgtgatagacgtgcca",20,18663,18682,"55.78","45.00","aaccccattgttgaacatca",20,18765,18784,"55.42","40.00","0.36",122,4,0.59747520661157,0.162504132231405
"catggtaatgcacatgtagcta",22,18829,18850,"56.30","40.91","tgttgaacctttctacaagcc",21,18960,18980,"56.37","42.86","0.07",152,3,0.383107438016529,0.681546280991735
"gcggcttgtagaaaggttc",19,18958,18976,"56.63","52.63","acatcagcttgaggtacacactta",24,19053,19076,"59.72","41.67","3.09",119,7,0.932861157024793,0.39112479338843
"gcggcttgtagaaaggttc",19,18958,18976,"56.63","52.63","ctacatcagcttgaggtacac",21,19058,19078,"55.81","47.62","0.82",121,7,0.932861157024793,0.412088429752066
"catgtgagtctcatggaaaacaag",24,19391,19414,"58.30","41.67","aagctaaagccagctgaga",19,19544,19562,"56.34","47.37","1.96",172,2,0.265610743801653,0.861447933884298
"ggacactttgatggacaaca",20,19657,19676,"55.88","45.00","aatgttgcgcttagcccaaa",20,19790,19809,"59.03","45.00","3.15",153,3,0.861035537190083,0.113734710743802
"ggacactttgatggacaaca",20,19657,19676,"55.88","45.00","ggtttaatgttgcgcttagcc",21,19794,19814,"58.47","47.62","2.59",158,3,0.861035537190083,0.117609917355372
"aagagatgctccagcacatata",22,19887,19908,"56.76","40.91","acagtgagtggtgcacaaa",19,19964,19982,"57.43","47.37","0.67",96,2,0.612938842975207,0.687638016528926
"atttgtgcaccactcactg",19,19963,19981,"56.04","47.37","agcttgtttgggacctacagatg",23,20078,20100,"60.56","47.83","4.52",138,3,0.728986776859504,0.960700826446281
"atttgtgcaccactcactg",19,19963,19981,"56.04","47.37","actagcttgtttgggacctacag",23,20081,20103,"59.99","47.83","3.95",141,3,0.728986776859504,1.50361900826446
"tcttggaggttccgtggcta",20,21144,21163,"60.54","55.00","accatgcgaagtgtccca",18,21209,21226,"58.84","55.56","1.70",83,1,0.688743801652893,0.168366115702479
"tcttggaggttccgtggcta",20,21144,21163,"60.54","55.00","ctgtccaccatgcgaagtgtcc",22,21211,21232,"63.68","59.09","3.14",89,1,0.688743801652893,0.16984132231405
"ttaagtgttatggagtgtctcc",22,22692,22713,"55.21","40.91","cagcctgtaaaatcatctggta",22,22836,22857,"55.88","40.91","0.67",166,7,0.206811570247934,0.585204132231405
"cacaggtgttcttactgagtcta",23,23206,23228,"57.29","43.48","tctgtggatcacggacagc",19,23285,23303,"59.41","57.89","2.12",98,4,1.06348181818182,0.981647933884298
"cacaggtgttcttactgagtcta",23,23206,23228,"57.29","43.48","agtgtctgtggatcacggacag",22,23286,23307,"61.98","54.55","4.69",102,4,1.06348181818182,0.951828099173554
"cacaggtgttcttactgagtcta",23,23206,23228,"57.29","43.48","aagtgtctgtggatcacggaca",22,23287,23308,"61.60","50.00","4.31",103,4,1.06348181818182,0.993332231404959
"cacaggtgttcttactgagtcta",23,23206,23228,"57.29","43.48","caagtgtctgtggatcacg",19,23291,23309,"55.98","52.63","1.31",104,4,1.06348181818182,0.452693388429752
"caacaatttggcagagacattg",22,23249,23270,"56.76","40.91","agggacttctgtgcagttaaca",22,23404,23425,"59.56","45.45","2.80",177,7,1.26555041322314,0.405265289256198
"tgttaactgcacagaagtcc",20,23404,23423,"55.62","45.00","attaaacagcctgcacgtg",19,23496,23514,"56.53","47.37","0.91",111,2,0.710626446280992,1.03580661157025
"tgttaactgcacagaagtcc",20,23404,23423,"55.62","45.00","cccctattaaacagcctgcac",21,23499,23519,"58.98","52.38","3.36",116,2,0.710626446280992,1.14739752066116
"tgtttttcaaacacgtgcag",20,23485,23504,"55.93","40.00","aactagcgcatatacctgcac",21,23562,23582,"58.24","47.62","2.31",98,5,0.709657024793388,0.584192561983471
"tgtttttcaaacacgtgcag",20,23485,23504,"55.93","40.00","tgataactagcgcatatacctg",22,23565,23586,"55.34","40.91","0.59",102,5,0.709657024793388,0.865314876033058
"atcaaaaccaagcaagaggtca",22,23989,24010,"58.43","40.91","attgtttgatgaagccagcatc",22,24050,24071,"57.88","40.91","0.55",83,2,0.671696694214876,0.186652892561983
"agtgacacttgcagatgctg",20,24037,24056,"58.48","50.00","aacagtgcagaagtgtattgagcaa",25,24171,24195,"61.43","40.00","2.95",159,6,0.264728099173554,0.381000826446281
"gcaagtgcacttggaaaacttc",22,24386,24407,"59.14","45.45","gagctaagttgtttaacaagcg",22,24444,24465,"56.30","40.91","2.84",80,4,0.958371074380165,0.321415702479339
"gcaagtgcacttggaaaacttc",22,24386,24407,"59.14","45.45","ggagctaagttgtttaacaagc",22,24445,24466,"55.92","40.91","3.22",81,4,0.958371074380165,0.333415702479339
"tcttgacaaagttgaggctgaa",22,24511,24532,"58.12","40.91","agcagcaagattagcagaag",20,24621,24640,"55.83","45.00","2.29",130,1,0.701247107438017,0.036804132231405
"cttctgctaatcttgctgcta",21,24621,24641,"55.78","42.86","catgaggtgctgactgagg",19,24719,24737,"57.54","57.89","1.76",117,1,0.0386661157024793,0.348484297520661
"cttctgctaatcttgctgcta",21,24621,24641,"55.78","42.86","accatgaggtgctgactgag",20,24720,24739,"59.39","55.00","3.61",119,1,0.0386661157024793,0.488021487603306
"cttctgctaatcttgctgcta",21,24621,24641,"55.78","42.86","acaccatgaggtgctgactg",20,24722,24741,"59.96","55.00","4.18",121,1,0.0386661157024793,0.606876859504132
"cttctgctaatcttgctgcta",21,24621,24641,"55.78","42.86","actacaccatgaggtgctga",20,24725,24744,"58.36","50.00","2.58",124,1,0.0386661157024793,0.628076859504132
"tgtcagagtgtgtacttgga",20,24648,24667,"55.75","45.00","cttgtgcagggacataagtcac",22,24755,24776,"59.26","50.00","3.51",129,2,0.159787603305785,0.630507438016529
"tgtcagagtgtgtacttgga",20,24648,24667,"55.75","45.00","ttcttgtgcagggacataag",20,24759,24778,"55.36","45.00","0.39",131,2,0.159787603305785,0.543347933884297
"ttgcatgtgacttatgtccctgca",24,24749,24772,"62.86","45.83","gtgccatttgaaacaaagacacc",23,24839,24861,"59.44","43.48","3.42",113,5,1.14486115702479,0.172548760330579
"tgacatctctggcattaatgcttca",25,25063,25087,"60.86","40.00","ggcaatcaagccagctataaaa",22,25219,25240,"57.35","40.91","3.51",178,7,0.481256198347107,0.801684297520661
"tgacatctctggcattaatgcttca",25,25063,25087,"60.86","40.00","atggcaatcaagccagctataa",22,25221,25242,"58.16","40.91","2.70",180,7,0.481256198347107,0.675484297520661
"agctggcttgattgccata",19,25225,25243,"57.09","47.37","aagaacaacagcccttgaga",20,25291,25310,"56.97","45.00","0.12",86,4,0.765945454545454,0.717467768595041
"agctggcttgattgccata",19,25225,25243,"57.09","47.37","acaagaacaacagcccttga",20,25293,25312,"57.56","45.00","0.47",88,4,0.765945454545454,0.424595867768595
"gggaatctggagtaaaagactg",22,25970,25991,"56.16","45.45","actcaattgagttgagtacagc",22,26031,26052,"56.39","40.91","0.23",83,6,0.627156198347107,1.01622479338843
"agctgtactcaactcaattgag",22,26030,26051,"56.12","40.91","accgtcgattgtgtgaatttgga",23,26123,26145,"61.05","43.48","4.93",116,10,1.21374132231405,0.437900826446281
"agctgtactcaactcaattgag",22,26030,26051,"56.12","40.91","aaccgtcgattgtgtgaatttgg",23,26124,26146,"60.30","43.48","4.18",117,10,1.21374132231405,0.45126694214876
"agctgtactcaactcaattgag",22,26030,26051,"56.12","40.91","gaaccgtcgattgtgtgaa",19,26129,26147,"55.90","47.37","0.22",118,10,1.21374132231405,0.39474958677686
"agctgtactcaactcaattgag",22,26030,26051,"56.12","40.91","tgaaccgtcgattgtgtg",18,26131,26148,"55.34","50.00","0.78",119,10,1.21374132231405,0.144548760330579
"gtacgcgttccatgtggtc",19,26836,26854,"58.92","57.89","cgaagatgtccacgaagga",19,26953,26971,"56.89","52.63","2.03",136,12,0.2305,0.593907438016529
"tttgcgcgtacgcgttcca",19,26829,26847,"63.74","57.89","acagcgtcctagatggtgtccag",23,26977,26999,"63.87","56.52","0.13",171,13,0.855012396694215,0.248334710743802
"tttgcgcgtacgcgttcca",19,26829,26847,"63.74","57.89","tcacagcgtcctagatggtg",20,26982,27001,"59.18","55.00","4.56",173,13,0.855012396694215,0.847214876033058
"tccttcgtggacatcttcg",19,26953,26971,"56.89","52.63","atgcagcaaaacctgagtcacc",22,27087,27108,"61.65","50.00","4.76",156,7,0.802807438016529,0.758519008264463
"tccttcgtggacatcttcg",19,26953,26971,"56.89","52.63","tgtatgcagcaaaacctgag",20,27092,27111,"56.33","45.00","0.56",159,7,0.802807438016529,0.318707438016529
"tccttcgtggacatcttcg",19,26953,26971,"56.89","52.63","ttgccaatcctgtagcga",18,27113,27130,"56.22","50.00","0.67",178,8,0.802807438016529,0.552900826446281
"agctttatcactaccaagagtg",22,27440,27461,"55.56","40.91","tcaggacaagcaaaagcaaa",20,27580,27599,"56.36","40.00","0.80",160,22,0.1832,0.0978082644628099
"gtttacccaataatactgcgtcttg",25,28404,28428,"58.52","40.00","aattggaacgccttgtcctcgag",23,28473,28495,"63.27","52.17","4.75",92,6,0.036804132231405,0.225744628099174
"ggacaaggcgttccaatta",19,28478,28496,"55.50","47.37","aataccatcttggactgagatc",22,28580,28601,"55.05","40.91","0.45",124,4,0.530026446280992,0.538189256198347
"ggacaaggcgttccaatta",19,28478,28496,"55.50","47.37","ctggcccagttcctaggta",19,28607,28625,"57.68","57.89","2.18",148,6,0.530026446280992,0.0908661157024793
"ggacaaggcgttccaatta",19,28478,28496,"55.50","47.37","ttctggcccagttcctagg",19,28609,28627,"58.30","57.89","2.80",150,6,0.530026446280992,0.0971148760330579
"ggacaaggcgttccaatta",19,28478,28496,"55.50","47.37","agcaccatagggaagtccag",20,28629,28648,"58.79","55.00","3.29",171,7,0.530026446280992,0.776657024793388
"ccagacgaattcgtggtg",18,28545,28562,"55.83","55.56","ttgcaacccatatgatgcc",19,28658,28676,"55.91","47.37","0.08",132,5,0.144548760330579,0.128048760330579
"ggcatcatatgggttgca",18,28658,28675,"55.01","50.00","cgagaagaggcttgactgc",19,28809,28827,"58.25","57.89","3.24",170,12,0.326590082644628,0.0673140495867769
"ggcatcatatgggttgca",18,28658,28675,"55.01","50.00","aacgagaagaggcttgactg",20,28810,28829,"57.55","50.00","2.54",172,12,0.326590082644628,0.127214049586777
"ggcatcatatgggttgca",18,28658,28675,"55.01","50.00","aggaacgagaagaggcttgac",21,28812,28832,"59.73","52.38","4.72",175,12,0.326590082644628,0.134504132231405
"gccaaactgtcactaagaaatctg",24,29001,29024,"58.31","41.67","gtttgttctggaccacgtctgc",22,29097,29118,"62.19","54.55","3.88",118,5,0.041501652892562,0.483397520661157
"acgtactgccactaaagca",19,29056,29074,"56.70","47.37","tggtccccaaaatttccttg",20,29120,29139,"56.09","45.00","0.61",84,5,1.18872892561983,0.117104132231405
"cagacgtggtccagaaca",18,29098,29115,"56.51","55.56","gtgacttccatgccaatgcg",20,29228,29247,"60.18","55.00","3.67",150,10,0.167525619834711,0.017104132231405
"cagacgtggtccagaaca",18,29098,29115,"56.51","55.56","tgtgacttccatgccaatg",19,29230,29248,"55.79","47.37","0.72",151,10,0.167525619834711,0.0268570247933884
"tacgtggctttggagactc",19,348,366,"56.79","52.63","aggtgcagttcgagcatcc",19,487,505,"60.08","57.89","3.29",158,2,0.283852066115702,1.02395123966942
"gtggctttggagactccgtgga",22,351,372,"64.46","59.09","aggtgcagttcgagcatcc",19,487,505,"60.08","57.89","4.38",155,2,0.209634710743802,1.02395123966942
"gtcttatcagaggcacgtc",19,377,395,"55.16","52.63","aggtgcagttcgagcatcc",19,487,505,"60.08","57.89","4.92",129,1,0.566849586776859,1.02395123966942
"tcttatcagaggcacgtca",19,378,396,"55.46","47.37","aggtgcagttcgagcatcc",19,487,505,"60.08","57.89","4.62",128,1,0.566849586776859,1.02395123966942
"cttatcagaggcacgtcaac",20,379,398,"56.27","50.00","aggtgcagttcgagcatcc",19,487,505,"60.08","57.89","3.81",127,1,0.48564958677686,1.02395123966942
"ttatcagaggcacgtcaaca",20,380,399,"56.88","45.00","aggtgcagttcgagcatcc",19,487,505,"60.08","57.89","3.20",126,1,0.474900826446281,1.02395123966942
"tcagaggcacgtcaacatc",19,383,401,"57.49","52.63","aggtgcagttcgagcatcc",19,487,505,"60.08","57.89","2.59",123,1,0.186370247933884,1.02395123966942
"ttgcctcaacttgaacagc",19,446,464,"56.35","47.37","acaccaagtgtctcacca",18,565,582,"55.52","50.00","0.83",137,9,0.229784297520661,0.991412396694215
"gcctcaacttgaacagcccta",21,448,468,"60.27","52.38","acaccaagtgtctcacca",18,565,582,"55.52","50.00","4.75",135,9,0.166566115702479,0.991412396694215
"ctcaacttgaacagccctatg",21,450,470,"56.61","47.62","acaccaagtgtctcacca",18,565,582,"55.52","50.00","1.09",133,9,0.168680991735537,0.991412396694215
"gtagcagaactcgaaggc",18,530,547,"55.20","55.56","tggccaccagctccttta",18,649,666,"58.09","55.56","2.89",137,7,0.630140495867769,0.425807438016529
"tagcagaactcgaaggca",18,531,548,"55.51","50.00","tggccaccagctccttta",18,649,666,"58.09","55.56","2.58",136,7,0.685925619834711,0.425807438016529
"agcagaactcgaaggcattc",20,532,551,"58.27","50.00","tggccaccagctccttta",18,649,666,"58.09","55.56","0.18",135,7,0.356751239669421,0.425807438016529
"cagaactcgaaggcattca",19,534,552,"55.24","47.37","tggccaccagctccttta",18,649,666,"58.09","55.56","2.85",133,7,0.313851239669422,0.425807438016529
"agaactcgaaggcattcagta",21,535,555,"56.76","42.86","tggccaccagctccttta",18,649,666,"58.09","55.56","1.33",132,7,0.315384297520661,0.425807438016529
"ggtcgtagtggtgagaca",18,557,574,"55.56","55.56","tggccaccagctccttta",18,649,666,"58.09","55.56","2.53",110,6,0.970557024793388,0.425807438016529
"gtcgtagtggtgagacacttg",21,558,578,"58.34","52.38","tggccaccagctccttta",18,649,666,"58.09","55.56","0.25",109,6,0.725404958677686,0.425807438016529
"gtagtggtgagacacttggtg",21,561,581,"58.24","52.38","tggccaccagctccttta",18,649,666,"58.09","55.56","0.15",106,6,0.90680826446281,0.425807438016529
"gtaagaacggtaataaaggagctg",24,636,659,"57.41","41.67","gtgtatgcccctccgtta",18,796,813,"55.98","55.56","1.43",178,6,0.297387603305785,0.826667768595041
"aagtcatttgacttaggcgacga",23,686,708,"60.31","43.48","gtgtatgcccctccgtta",18,796,813,"55.98","55.56","4.33",128,3,0.181846280991736,0.826667768595041
"atttgacttaggcgacgag",19,691,709,"55.05","47.37","gtgtatgcccctccgtta",18,796,813,"55.98","55.56","0.93",123,3,0.241580991735537,0.826667768595041
"gcagtggtgttacccgtga",19,762,780,"59.93","57.89","caaagtgcatgaagctttacca",22,889,910,"57.76","40.91","2.17",149,7,0.252752892561983,0.905132231404959
"agtggtgttacccgtgaa",18,764,781,"55.63","50.00","caaagtgcatgaagctttacca",22,889,910,"57.76","40.91","2.13",147,7,0.283919008264463,0.905132231404959
"gtggtgttacccgtgaac",18,765,782,"55.63","55.56","caaagtgcatgaagctttacca",22,889,910,"57.76","40.91","2.13",146,7,0.282219008264463,0.905132231404959
"tggtgttacccgtgaactc",19,766,784,"57.01","52.63","caaagtgcatgaagctttacca",22,889,910,"57.76","40.91","0.75",145,7,0.254866115702479,0.905132231404959
"ggtgttacccgtgaactca",19,767,785,"57.01","52.63","caaagtgcatgaagctttacca",22,889,910,"57.76","40.91","0.75",144,7,0.256170247933884,0.905132231404959
"gtgttacccgtgaactcatg",20,768,787,"56.47","50.00","caaagtgcatgaagctttacca",22,889,910,"57.76","40.91","1.29",143,7,0.840311570247934,0.905132231404959
"tgtctatccagttgcgtca",19,1171,1189,"56.08","47.37","agtaaccacaagtagtggca",20,1324,1343,"56.39","45.00","0.31",173,8,0.984617355371901,1.10097933884298
"atgaatgcaaccaaatgtgc",20,1194,1213,"55.78","40.00","agtaaccacaagtagtggca",20,1324,1343,"56.39","45.00","0.61",150,6,0.993406611570248,1.10097933884298
"actctcatgaagtgtgatcattgtg",25,1220,1244,"59.36","40.00","agtaaccacaagtagtggca",20,1324,1343,"56.39","45.00","2.97",124,5,0.434437190082645,1.10097933884298
"tattgcctttggaggctgtg",20,1474,1493,"58.16","50.00","caacaacacctgtatggttaca",22,1562,1583,"56.56","40.91","1.60",110,2,0.39394132231405,1.3399347107438
"tgcctttggaggctgtgtg",19,1477,1495,"60.53","57.89","caacaacacctgtatggttaca",22,1562,1583,"56.56","40.91","3.97",107,2,0.332732231404959,1.3399347107438
"cctttggaggctgtgtgttc",20,1479,1498,"59.05","55.00","caacaacacctgtatggttaca",22,1562,1583,"56.56","40.91","2.49",105,2,0.541286776859504,1.3399347107438
"ataacaagtgtgcctattggg",21,1515,1535,"55.92","42.86","caagaaggttgtcattaagacc",22,1598,1619,"55.03","40.91","0.89",105,3,0.43454958677686,1.25190413223141
"acaagtgtgcctattgggttc",21,1518,1538,"58.49","47.62","caagaaggttgtcattaagacc",22,1598,1619,"55.03","40.91","3.46",102,3,0.15658347107438,1.25190413223141
"agtgtgcctattgggttcc",19,1521,1539,"57.02","52.63","caagaaggttgtcattaagacc",22,1598,1619,"55.03","40.91","1.99",99,3,0.17058347107438,1.25190413223141
"gaaggtcttaatgacaaccttcttg",25,1595,1619,"58.10","40.00","tgtggaagcagaaaaagatgcc",22,1696,1717,"59.70","45.45","1.60",123,4,0.711296694214876,0.238761983471074
"tccttgattggcttgaagag",20,2145,2164,"55.34","45.00","aagaatgtctgaacactctcc",21,2281,2301,"55.26","42.86","0.08",157,7,1.18371818181818,1.06002066115702
"ccttgattggcttgaagaga",20,2146,2165,"55.34","45.00","aagaatgtctgaacactctcc",21,2281,2301,"55.26","42.86","0.08",156,7,1.18836694214876,1.06002066115702
"ttcttagagggagaaacacttc",22,2486,2507,"55.14","40.91","tggagcttcaacagcttcac",20,2577,2596,"58.40","50.00","3.26",111,4,1.04137190082645,2.11207768595041
"tcttagagggagaaacacttcc",22,2487,2508,"56.84","45.45","tggagcttcaacagcttcac",20,2577,2596,"58.40","50.00","1.56",110,4,1.3852305785124,2.11207768595041
"aacaacctactagtgaagctg",21,2565,2585,"55.27","42.86","taccatcatattaggtgcaagg",22,2668,2689,"55.38","40.91","0.11",125,4,2.31065041322314,1.77815619834711
"acaacctactagtgaagctgttg",23,2566,2588,"58.37","43.48","taccatcatattaggtgcaagg",22,2668,2689,"55.38","40.91","2.99",124,4,2.13047107438017,1.77815619834711
"acctactagtgaagctgttga",21,2569,2589,"56.03","42.86","taccatcatattaggtgcaagg",22,2668,2689,"55.38","40.91","0.65",121,4,1.80040495867769,1.77815619834711
"tggttggtacaccagtttg",19,2598,2616,"55.24","47.37","taccatcatattaggtgcaagg",22,2668,2689,"55.38","40.91","0.14",92,3,0.335812396694215,1.77815619834711
"ggttggtacaccagtttgta",20,2599,2618,"55.21","45.00","taccatcatattaggtgcaagg",22,2668,2689,"55.38","40.91","0.17",91,3,0.602147107438016,1.77815619834711
"gggcttatgttgctcgaa",18,2624,2641,"55.02","50.00","caccaaaagtaacctttgttgg",22,2723,2744,"56.27","40.91","1.25",121,7,0.935193388429752,0.552065289256198
"tactgtgcccttgcaccta",19,2660,2678,"58.23","52.63","caccaaaagtaacctttgttgg",22,2723,2744,"56.27","40.91","1.96",85,5,1.05080826446281,0.552065289256198
"ctgtgcccttgcacctaa",18,2662,2679,"57.18","55.56","caccaaaagtaacctttgttgg",22,2723,2744,"56.27","40.91","0.91",83,5,1.15531487603306,0.552065289256198
"tgtgcccttgcacctaata",19,2663,2681,"56.31","47.37","caccaaaagtaacctttgttgg",22,2723,2744,"56.27","40.91","0.04",82,5,1.51477190082645,0.552065289256198
"gtgcccttgcacctaatatg",20,2664,2683,"56.55","50.00","caccaaaagtaacctttgttgg",22,2723,2744,"56.27","40.91","0.28",81,5,1.42266446280992,0.552065289256198
"tgcccttgcacctaatatga",20,2665,2684,"56.58","45.00","caccaaaagtaacctttgttgg",22,2723,2744,"56.27","40.91","0.31",80,5,1.48326446280992,0.552065289256198
"actgtgatagaagtgcaagg",20,2750,2769,"55.08","45.00","gcatctgccacaacacag",18,2881,2898,"56.73","55.56","1.65",149,5,0.27937520661157,0.55426694214876
"ctgtgatagaagtgcaaggtta",22,2751,2772,"55.84","40.91","gcatctgccacaacacag",18,2881,2898,"56.73","55.56","0.89",148,5,0.326428099173554,0.55426694214876
"tgtgatagaagtgcaaggttac",22,2752,2773,"56.11","40.91","gcatctgccacaacacag",18,2881,2898,"56.73","55.56","0.62",147,5,0.375704958677686,0.55426694214876
"gtgatagaagtgcaaggttaca",22,2753,2774,"56.11","40.91","gcatctgccacaacacag",18,2881,2898,"56.73","55.56","0.62",146,5,0.373004958677686,0.55426694214876
"tatacagttgaactcggtacag",22,2843,2864,"55.08","40.91","gtggtgtaagtaattcagatactgg",25,2918,2942,"57.23","40.00","2.15",100,3,0.493638842975207,0.439314049586777
"tacagttgaactcggtacaga",21,2845,2865,"56.08","42.86","gtggtgtaagtaattcagatactgg",25,2918,2942,"57.23","40.00","1.15",98,3,0.510038842975207,0.439314049586777
"cagttgaactcggtacagaa",20,2847,2866,"55.07","45.00","gtggtgtaagtaattcagatactgg",25,2918,2942,"57.23","40.00","2.16",96,3,0.532038842975207,0.439314049586777
"agatgaggatgaagaagaaggtg",23,3046,3068,"57.64","43.48","ttgaagagcagcagaagtg",19,3157,3175,"55.46","47.37","2.18",130,3,1.09685867768595,1.64170247933884
"tgtgaagaagaagagtttgagc",22,3071,3092,"56.59","40.91","cttgttgaccaacagtttgttg",22,3218,3239,"56.83","40.91","0.24",169,4,1.21503966942149,1.86147024793388
"ttgtgaagaagaagagtttgagcca",25,3070,3094,"60.86","40.00","cttgttgaccaacagtttgttg",22,3218,3239,"56.83","40.91","4.03",170,4,1.40954049586777,1.86147024793388
"ctttggaatttggtgccacttc",22,3141,3162,"58.61","45.45","cttgttgaccaacagtttgttg",22,3218,3239,"56.83","40.91","1.78",99,2,1.1570173553719,1.86147024793388
"ggaatttggtgccacttctg",20,3145,3164,"57.27","50.00","cttgttgaccaacagtttgttg",22,3218,3239,"56.83","40.91","0.44",95,2,0.883399173553719,1.86147024793388
"gaatttggtgccacttctgc",20,3146,3165,"57.93","50.00","cttgttgaccaacagtttgttg",22,3218,3239,"56.83","40.91","1.10",94,2,0.945005785123967,1.86147024793388
"tgaagaagagcaagaagaagattgg",25,3178,3202,"59.30","40.00","tctgaacaactggtgtaagttccatc",26,3304,3329,"61.18","42.31","1.88",152,6,0.504320661157025,2.03081818181818
"tggttgttaatgcagccaa",19,3432,3450,"55.59","42.11","tccgcttaaaacacaactacc",21,3566,3586,"56.48","42.86","0.89",155,1,0.556420661157025,1.21433966942149
"gtggcactactgaaatgcta",20,4185,4204,"55.47","45.00","actgtctttgcctcctctaca",21,4279,4299,"58.39","47.62","2.92",115,4,0.469200826446281,1.26730909090909
"tggcactactgaaatgctag",20,4186,4205,"55.17","45.00","actgtctttgcctcctctaca",21,4279,4299,"58.39","47.62","3.22",114,4,0.667238016528926,1.26730909090909
"gaaagctttgagaaaagtgcca",22,4207,4228,"57.95","40.91","actgtctttgcctcctctaca",21,4279,4299,"58.39","47.62","0.44",93,3,0.310214049586777,1.26730909090909
"gctttgagaaaagtgccaac",20,4211,4230,"56.05","45.00","actgtctttgcctcctctaca",21,4279,4299,"58.39","47.62","2.34",89,3,0.800252066115702,1.26730909090909
"aaagctttgagaaaagtgccaacag",25,4208,4232,"61.14","40.00","actgtctttgcctcctctaca",21,4279,4299,"58.39","47.62","2.75",92,3,1.16803305785124,1.26730909090909
"actgtagaggaggcaaagac",20,4277,4296,"56.57","50.00","cacagacaggcattaatttgcg",22,4421,4442,"58.83","45.45","2.26",166,7,0.356885123966942,0.934074380165289
"ctgtagaggaggcaaagaca",20,4278,4297,"56.57","50.00","cacagacaggcattaatttgcg",22,4421,4442,"58.83","45.45","2.26",165,7,0.691285950413223,0.934074380165289
"catgcagaagaaacacgca",19,4406,4424,"56.85","47.37","gtgtgttgataagtgacgcta",21,4557,4577,"56.04","42.86","0.81",172,7,0.879640495867769,0.836701652892562
"tgcagaagaaacacgcaa",18,4408,4425,"55.43","44.44","gtgtgttgataagtgacgcta",21,4557,4577,"56.04","42.86","0.61",170,7,0.878674380165289,0.836701652892562
"aaagattggtcctattctggac",22,4799,4820,"55.51","40.91","cctcacttctctcaaagaaaga",22,4942,4963,"55.42","40.91","0.09",165,9,0.363643801652893,1.22254545454545
"aagattggtcctattctggaca",22,4800,4821,"56.52","40.91","cctcacttctctcaaagaaaga",22,4942,4963,"55.42","40.91","1.10",164,9,0.155204132231405,1.22254545454545
"tgggtaggtacatgtcagc",19,5193,5211,"56.12","52.63","ttaacaatgcagtggcaaga",20,5290,5309,"55.85","40.00","0.27",117,3,0.391140495867769,1.43483223140496
"gggtaggtacatgtcagca",19,5194,5212,"56.12","52.63","ttaacaatgcagtggcaaga",20,5290,5309,"55.85","40.00","0.27",116,3,0.700747933884298,1.43483223140496
"ggtaggtacatgtcagcattaa",22,5195,5216,"55.62","40.91","ttaacaatgcagtggcaaga",20,5290,5309,"55.85","40.00","0.23",115,3,0.418466115702479,1.43483223140496
"tgttatcttgccactgcattg",21,5285,5305,"57.15","42.86","cacctactgtcttattacagtagg",24,5412,5435,"55.81","41.67","1.34",151,6,1.34493966942149,0.570299173553719
"atcttgccactgcattgtta",20,5289,5308,"55.62","40.00","cacctactgtcttattacagtagg",24,5412,5435,"55.81","41.67","0.19",147,6,0.827865289256198,0.570299173553719
"tcttgccactgcattgttaa",20,5290,5309,"55.85","40.00","cacctactgtcttattacagtagg",24,5412,5435,"55.81","41.67","0.04",146,6,1.16226611570248,0.570299173553719
"cacctgctctacaagatgc",19,5340,5358,"55.71","52.63","cacctactgtcttattacagtagg",24,5412,5435,"55.81","41.67","0.10",96,4,0.532500826446281,0.570299173553719
"acctgctctacaagatgctta",21,5341,5361,"56.45","42.86","cacctactgtcttattacagtagg",24,5412,5435,"55.81","41.67","0.64",95,4,0.397295041322314,0.570299173553719
"cttttgttatgatgtcagcaccac",24,5673,5696,"58.84","41.67","atgtttatagtgaccacactgg",22,5758,5779,"55.81","40.91","3.03",107,1,0.102472727272727,0.534207438016529
"cctgacttaaatggtgatgtgg",22,6146,6167,"57.03","45.45","tccaaagacaacgtatacacc",21,6288,6308,"55.65","42.86","1.38",163,4,0.593237190082645,0.178426446280992
"ctgacttaaatggtgatgtggtg",23,6147,6169,"57.70","43.48","tccaaagacaacgtatacacc",21,6288,6308,"55.65","42.86","2.05",162,4,0.589999173553719,0.178426446280992
"ggtgtatacgttgtctttgga",21,6288,6308,"55.65","42.86","ttttagatcttcgcaggcaa",20,6381,6400,"55.37","40.00","0.28",113,6,0.193387603305785,0.747223966942149
"gagtgtaatgtgaaaactaccg",22,6452,6473,"55.17","40.91","ctacataagcagccattagatctg",24,6543,6566,"57.04","41.67","1.87",115,4,0.216788429752066,0.726171900826446
"gtcccttgggatactatagcta",22,6662,6683,"55.66","45.45","cacggtttaaacaccgtgta",20,6736,6755,"56.32","45.00","0.66",94,3,1.93806363636364,1.4952347107438
"caggcattagtgtctgatgttg",22,7985,8006,"57.39","45.45","acacattctttgcaagttcagcttc",25,8114,8138,"60.96","40.00","3.57",154,6,0.330197520661157,1.67101652892562
"aggcattagtgtctgatgttgg",22,7986,8007,"58.39","45.45","acacattctttgcaagttcagcttc",25,8114,8138,"60.96","40.00","2.57",153,6,0.326848760330579,1.67101652892562
"gcattagtgtctgatgttggtg",22,7988,8009,"57.65","45.45","acacattctttgcaagttcagcttc",25,8114,8138,"60.96","40.00","3.31",151,6,0.484313223140496,1.67101652892562
"cattagtgtctgatgttggtga",22,7989,8010,"56.10","40.91","acacattctttgcaagttcagcttc",25,8114,8138,"60.96","40.00","4.86",150,6,0.475664462809917,1.67101652892562
"aaaacactagttgcaactgc",20,8093,8112,"55.02","40.00","ctacatctgaatcaacaaaccc",22,8183,8204,"55.09","40.91","0.07",112,3,0.530748760330578,0.86730826446281
"aaacactagttgcaactgca",20,8094,8113,"56.10","40.00","ctacatctgaatcaacaaaccc",22,8183,8204,"55.09","40.91","1.01",111,3,0.840356198347108,0.86730826446281
"acactagttgcaactgcag",19,8096,8114,"55.77","47.37","ctacatctgaatcaacaaaccc",22,8183,8204,"55.09","40.91","0.68",109,3,1.15301487603306,0.86730826446281
"cactagttgcaactgcaga",19,8097,8115,"55.47","47.37","ctacatctgaatcaacaaaccc",22,8183,8204,"55.09","40.91","0.38",108,3,0.879114876033058,0.86730826446281
"actagttgcaactgcagaag",20,8098,8117,"55.99","45.00","ctacatctgaatcaacaaaccc",22,8183,8204,"55.09","40.91","0.90",107,3,1.53672314049587,0.86730826446281
"ctagttgcaactgcagaagc",20,8099,8118,"57.39","50.00","ctacatctgaatcaacaaaccc",22,8183,8204,"55.09","40.91","2.30",106,3,1.60201652892562,0.86730826446281
"caagggtttgttgattcagatg",22,8180,8201,"55.88","40.91","acagtcaatacaagcaccaa",20,8328,8347,"55.18","40.00","0.70",168,7,0.536907438016529,0.310304132231405
"gggtttgttgattcagatgtag",22,8183,8204,"55.09","40.91","acagtcaatacaagcaccaa",20,8328,8347,"55.18","40.00","0.09",165,7,0.562500826446281,0.310304132231405
"ataggatacaaggctattgatggtg",25,8684,8708,"58.28","40.00","accatgtgtcaaaatcagca",20,8758,8777,"55.84","40.00","2.44",94,1,0.956751239669422,0.20265867768595
"cataacaagagaagtgggttttgtc",25,8836,8860,"58.56","40.00","ccaactgcactaaaaactctag",22,8922,8943,"55.06","40.91","3.50",108,2,1.18922892561983,0.76705041322314
"ataacaagagaagtgggttttgtcg",25,8837,8861,"59.76","40.00","ccaactgcactaaaaactctag",22,8922,8943,"55.06","40.91","4.70",107,2,1.18472892561983,0.76705041322314
"ttacgcacaactaatggtga",20,8885,8904,"55.02","40.00","tggcttaccagaagcatcttta",22,9031,9052,"57.43","40.91","2.41",168,7,0.348548760330579,0.646653719008264
"attacgcacaactaatggtgac",22,8884,8905,"57.06","40.91","tggcttaccagaagcatcttta",22,9031,9052,"57.43","40.91","0.37",169,7,0.364897520661157,0.646653719008264
"cctagagtttttagtgcagttg",22,8921,8942,"55.06","40.91","tggcttaccagaagcatcttta",22,9031,9052,"57.43","40.91","2.37",132,6,0.534850413223141,0.646653719008264
"tacctagagtttttagtgcagttgg",25,8919,8943,"58.77","40.00","tggcttaccagaagcatcttta",22,9031,9052,"57.43","40.91","1.34",134,6,0.191209917355372,0.646653719008264
"aacatcagcttgtgttttggc",21,8992,9012,"58.17","42.86","acgtgtgtcagggcgtaaa",19,9106,9124,"59.56","52.63","1.39",133,3,0.673702479338843,1.24903553719008
"atcagcttgtgttttggctgctg",23,8995,9017,"62.66","47.83","acgtgtgtcagggcgtaaa",19,9106,9124,"59.56","52.63","3.10",130,3,0.261638842975207,1.24903553719008
"atgtactagaaggttctgttgc",22,9075,9096,"55.84","40.91","cttctgatctttcacaagtgc",21,9225,9245,"55.17","42.86","0.67",171,10,0.874714876033058,0.663074380165289
"tttacgccctgacacacg",18,9106,9123,"57.65","55.56","cttctgatctttcacaagtgc",21,9225,9245,"55.17","42.86","2.48",140,9,0.695160330578512,0.663074380165289
"ttacgccctgacacacgtta",20,9107,9126,"59.33","50.00","cttctgatctttcacaagtgc",21,9225,9245,"55.17","42.86","4.16",139,9,0.337284297520661,0.663074380165289
"cgccctgacacacgttatg",19,9110,9128,"58.92","57.89","cttctgatctttcacaagtgc",21,9225,9245,"55.17","42.86","3.75",136,9,0.220280165289256,0.663074380165289
"tggtgtttgtgtatctactagtgg",24,9247,9270,"57.97","41.67","caataccaccagctactatagatg",24,9399,9422,"56.23","41.67","1.74",176,3,0.228614049586777,0.763093388429752
"agagaagctgcttgttgtc",19,9944,9962,"55.45","47.37","ttgtggtggttggtaaagaaca",22,10006,10027,"58.30","40.91","2.85",84,2,0.866028099173554,0.208094214876033
"gagaagctgcttgttgtca",19,9945,9963,"55.77","47.37","ttgtggtggttggtaaagaaca",22,10006,10027,"58.30","40.91","2.53",83,2,0.510907438016529,0.208094214876033
"agaagctgcttgttgtcatc",20,9946,9965,"56.35","45.00","ttgtggtggttggtaaagaaca",22,10006,10027,"58.30","40.91","1.95",82,2,1.15380909090909,0.208094214876033
"tcagctgttttgcagagtg",19,10040,10058,"56.07","47.37","tcagaggtgcagatcaca",18,10177,10194,"55.05","50.00","1.02",155,7,0.140797520661157,0.61874958677686
"cagctgttttgcagagtgg",19,10041,10059,"57.14","52.63","tcagaggtgcagatcaca",18,10177,10194,"55.05","50.00","2.09",154,7,0.137748760330579,0.61874958677686
"gctgttttgcagagtggtttta",22,10043,10064,"57.96","40.91","tcagaggtgcagatcaca",18,10177,10194,"55.05","50.00","2.91",152,7,0.0634487603305785,0.61874958677686
"ctgttttgcagagtggttttag",22,10044,10065,"56.11","40.91","tcagaggtgcagatcaca",18,10177,10194,"55.05","50.00","1.06",151,7,0.068097520661157,0.61874958677686
"gtttactgtccaagacatgtga",22,10160,10181,"56.31","40.91","aacattaccagcctgtaccaa",21,10253,10273,"57.20","42.86","0.89",114,4,0.429949586776859,0.861928099173554
"agggttattggacattctatgc",22,10280,10301,"55.91","40.91","agcacattggtaaacaccag",20,10422,10441,"56.24","45.00","0.33",162,6,0.28914958677686,0.289076033057851
"gggttattggacattctatgca",22,10281,10302,"56.19","40.91","agcacattggtaaacaccag",20,10422,10441,"56.24","45.00","0.05",161,6,0.1765,0.289076033057851
"ggttgatacagccaatcctaa",21,10324,10344,"55.36","42.86","agcacattggtaaacaccag",20,10422,10441,"56.24","45.00","0.88",118,3,0.304348760330579,0.289076033057851
"gttgatacagccaatcctaaga",22,10325,10346,"55.61","40.91","agcacattggtaaacaccag",20,10422,10441,"56.24","45.00","0.63",117,3,0.233248760330579,0.289076033057851
"ttgatacagccaatcctaagac",22,10326,10347,"55.61","40.91","agcacattggtaaacaccag",20,10422,10441,"56.24","45.00","0.63",116,3,0.233248760330579,0.289076033057851
"tgatacagccaatcctaagaca",22,10327,10348,"56.62","40.91","agcacattggtaaacaccag",20,10422,10441,"56.24","45.00","0.38",115,3,0.237897520661157,0.289076033057851
"gatacagccaatcctaagacac",22,10328,10349,"56.32","45.45","agcacattggtaaacaccag",20,10422,10441,"56.24","45.00","0.08",114,3,0.232597520661157,0.289076033057851
"tagcttgttacaatggttcacc",22,10398,10419,"56.63","40.91","tggtaattccatatggtgcatg",22,10537,10558,"56.53","40.91","0.10",161,6,0.091104132231405,0.492134710743802
"cttgttacaatggttcaccatc",22,10401,10422,"55.63","40.91","tggtaattccatatggtgcatg",22,10537,10558,"56.53","40.91","0.90",158,6,0.100034710743802,0.492134710743802
"tggagttcatgctggcaca",19,10561,10579,"59.54","52.63","gcagcgtacaaccaagcta",19,10668,10686,"58.16","52.63","1.38",126,4,0.785728099173554,0.629923140495868
"gagttcatgctggcacag",18,10563,10580,"56.10","55.56","gcagcgtacaaccaagcta",19,10668,10686,"58.16","52.63","2.06",124,4,0.745228099173554,0.629923140495868
"ggtggtttctcaatcgatttac",22,10704,10725,"55.46","40.91","tccagtttgagcagaaagag",20,10809,10828,"55.30","45.00","0.16",125,3,0.358702479338843,0.145233884297521
"aggtggtttctcaatcgatttacc",24,10703,10726,"59.06","41.67","tccagtttgagcagaaagag",20,10809,10828,"55.30","45.00","3.76",126,3,0.365012396694215,0.145233884297521
"ggtttctcaatcgatttaccac",22,10707,10728,"55.46","40.91","tccagtttgagcagaaagag",20,10809,10828,"55.30","45.00","0.16",122,3,0.220509917355372,0.145233884297521
"caaaatggtatgaatggacgtacc",24,10871,10894,"58.18","41.67","gtgtacccttgattgttcttttcac",25,10979,11003,"58.79","40.00","0.61",133,3,0.422400826446281,1.08023223140496
"atggtatgaatggacgtacca",21,10875,10895,"56.51","42.86","gtgtacccttgattgttcttttcac",25,10979,11003,"58.79","40.00","2.28",129,3,0.385800826446281,1.08023223140496
"gtgaaaagaacaatcaagggtacac",25,10979,11003,"58.79","40.00","aagaccattgagtactctgga",21,11049,11069,"55.71","42.86","3.08",91,2,0.988326446280992,0.597757024793388
"ttgctatgtctgcttttgca",20,11121,11140,"56.24","40.00","atcaaccatatccaaccatgtc",22,11257,11278,"56.18","40.91","0.06",158,4,0.9943,0.312148760330579
"gctatgtctgcttttgcaatg",21,11123,11143,"56.47","42.86","atcaaccatatccaaccatgtc",22,11257,11278,"56.18","40.91","0.29",156,4,0.607100826446281,0.312148760330579
"agctaaagatactactgaagcc",22,11965,11986,"55.09","40.91","tatgtctacagcaccctgca",20,12027,12046,"58.43","50.00","3.34",82,2,0.498019834710744,0.10679173553719
"atgcagggtgctgtagac",18,12026,12043,"56.63","55.56","agcttcttgagcagtagcaa",20,12135,12154,"57.15","45.00","0.52",129,11,0.0302661157024793,0.854109917355372
"tgcagggtgctgtagaca",18,12027,12044,"58.12","55.56","agcttcttgagcagtagcaa",20,12135,12154,"57.15","45.00","0.97",128,11,0.0397702479338843,0.854109917355372
"gcagggtgctgtagacata",19,12028,12046,"56.53","52.63","agcttcttgagcagtagcaa",20,12135,12154,"57.15","45.00","0.62",127,11,0.411810743801653,0.854109917355372
"gctttaagggccaattctgc",20,12653,12672,"57.70","50.00","tagtaccggcagcacaag",18,12723,12740,"56.67","55.56","1.03",88,1,0.525907438016529,0.332761157024793
"ctttaagggccaattctgctg",21,12654,12674,"57.48","47.62","tagtaccggcagcacaag",18,12723,12740,"56.67","55.56","0.81",87,1,0.519356198347107,0.332761157024793
"taagggccaattctgctgtc",20,12657,12676,"57.87","50.00","tagtaccggcagcacaag",18,12723,12740,"56.67","55.56","1.20",84,1,0.19665867768595,0.332761157024793
"atgtcttgtgctgccggta",19,12719,12737,"59.32","52.63","agtaccagttccatcactctta",22,12856,12877,"55.94","40.91","3.38",159,13,0.468569421487603,0.160604132231405
"gtcttgtgctgccggtacta",20,12721,12740,"59.75","55.00","agtaccagttccatcactctta",22,12856,12877,"55.94","40.91","3.81",157,13,0.322942975206612,0.160604132231405
"tgcactgttatccgatttacag",22,12811,12832,"56.53","40.91","acctttaggtgtgtctgtaac",21,12911,12931,"55.18","42.86","1.35",121,2,1.3887173553719,0.1264
"ttgcactgttatccgatttacagg",24,12810,12833,"59.37","41.67","acctttaggtgtgtctgtaac",21,12911,12931,"55.18","42.86","4.19",122,2,1.02727685950413,0.1264
"cactgttatccgatttacagga",22,12813,12834,"55.65","40.91","acctttaggtgtgtctgtaac",21,12911,12931,"55.18","42.86","0.47",119,2,0.733969421487603,0.1264
"tatacagaactggaaccaccttg",23,12881,12903,"57.84","43.48","tggcagctaaactaccaagta",21,12990,13010,"56.66","42.86","1.18",130,4,0.0425487603305785,0.678447107438017
"agaactggaaccaccttgta",20,12886,12905,"55.99","45.00","tggcagctaaactaccaagta",21,12990,13010,"56.66","42.86","0.67",125,4,0.0417404958677686,0.678447107438017
"gaactggaaccaccttgtag",20,12887,12906,"55.68","50.00","tggcagctaaactaccaagta",21,12990,13010,"56.66","42.86","0.98",124,4,0.0385917355371901,0.678447107438017
"tacaagctggtaatgcaaca",20,13020,13039,"55.27","40.00","tgttattgcctgaccagtac",20,13173,13192,"55.08","45.00","0.19",173,5,0.534684297520661,0.509800826446281
"caagctggtaatgcaacaga",20,13022,13041,"56.33","45.00","tgttattgcctgaccagtac",20,13173,13192,"55.08","45.00","1.25",171,5,0.220476859504132,0.509800826446281
"aagctggtaatgcaacagaa",20,13023,13042,"55.55","40.00","tgttattgcctgaccagtac",20,13173,13192,"55.08","45.00","0.47",170,5,0.225125619834711,0.509800826446281
"agctggtaatgcaacagaag",20,13024,13043,"56.03","45.00","tgttattgcctgaccagtac",20,13173,13192,"55.08","45.00","0.95",169,5,0.225125619834711,0.509800826446281
"gctggtaatgcaacagaagtg",21,13025,13045,"57.79","47.62","tgttattgcctgaccagtac",20,13173,13192,"55.08","45.00","2.71",168,5,0.350487603305785,0.509800826446281
"taatgaccctgtgggttttaca",22,13336,13357,"57.27","40.91","tgtgccgcacggtgtaaga",19,13494,13512,"62.15","57.89","4.88",177,3,0.115099173553719,0.0032
"atgaccctgtgggttttacac",21,13338,13358,"58.13","47.62","tgtgccgcacggtgtaaga",19,13494,13512,"62.15","57.89","4.02",175,3,0.118199173553719,0.0032
"gaccctgtgggttttacactta",22,13340,13361,"57.91","45.45","tgtgccgcacggtgtaaga",19,13494,13512,"62.15","57.89","4.24",173,3,0.0935388429752066,0.0032
"ccagatatattacgcgtatacgc",23,13945,13967,"56.97","43.48","tcaccgaaatcataccagttac",22,14081,14102,"55.92","40.91","1.05",158,4,0.45076694214876,0.486617355371901
"aggtagtggagttcctgttg",20,14121,14140,"56.48","50.00","tgtcaacatgtgactctgc",19,14197,14215,"55.47","47.37","1.01",95,4,0.594115702479339,0.676620661157025
"ggtagtggagttcctgttgta",21,14122,14142,"56.68","47.62","tgtcaacatgtgactctgc",19,14197,14215,"55.47","47.37","1.21",94,4,0.587200826446281,0.676620661157025
"gtagtggagttcctgttgtag",21,14123,14143,"55.38","47.62","tgtcaacatgtgactctgc",19,14197,14215,"55.47","47.37","0.09",93,4,0.587200826446281,0.676620661157025
"tagtggagttcctgttgtaga",21,14124,14144,"55.37","42.86","tgtcaacatgtgactctgc",19,14197,14215,"55.47","47.37","0.10",92,4,0.587200826446281,0.676620661157025
"tgtttggatgacagatgcattc",22,14341,14362,"57.29","40.91","ttatgtacaacacctagctctc",22,14486,14507,"55.04","40.91","2.25",167,3,0.844161157024793,0.499415702479339
"tttggatgacagatgcattctg",22,14343,14364,"57.02","40.91","ttatgtacaacacctagctctc",22,14486,14507,"55.04","40.91","1.98",165,3,0.88714132231405,0.499415702479339
"ggatgacagatgcattctgc",20,14346,14365,"56.94","50.00","ttatgtacaacacctagctctc",22,14486,14507,"55.04","40.91","1.90",162,3,0.90944132231405,0.499415702479339
"gatgacagatgcattctgca",20,14347,14366,"56.20","45.00","ttatgtacaacacctagctctc",22,14486,14507,"55.04","40.91","1.16",161,3,0.608520661157025,0.499415702479339
"tacaagttttggaccactagtg",22,14409,14430,"55.96","40.91","ttatgtacaacacctagctctc",22,14486,14507,"55.04","40.91","0.92",99,1,0.398011570247934,0.499415702479339
"caagttttggaccactagtga",21,14411,14431,"55.74","42.86","ttatgtacaacacctagctctc",22,14486,14507,"55.04","40.91","0.70",97,1,0.396411570247934,0.499415702479339
"aagttttggaccactagtgag",21,14412,14432,"55.45","42.86","ttatgtacaacacctagctctc",22,14486,14507,"55.04","40.91","0.41",96,1,0.389707438016529,0.499415702479339
"agttttggaccactagtgaga",21,14413,14433,"56.22","42.86","ttatgtacaacacctagctctc",22,14486,14507,"55.04","40.91","1.18",95,1,0.424182644628099,0.499415702479339
"gttttggaccactagtgagaa",21,14414,14434,"55.46","42.86","ttatgtacaacacctagctctc",22,14486,14507,"55.04","40.91","0.42",94,1,0.422782644628099,0.499415702479339
"taccacttcagagagctaggtgttg",25,14476,14500,"61.79","48.00","taccagaagcagcgtgcatagca",23,14574,14596,"64.65","52.17","2.86",121,2,0.601689256198347,0.679805785123967
"tgggttgggattatcctaaatg",22,15284,15305,"55.53","40.91","ccacacatgaccatttcactcaata",25,15425,15449,"59.58","40.00","4.05",166,2,0.105466115702479,0.475309917355372
"atgcttagaattatggcctcacttg",25,15325,15349,"59.47","40.00","gccacacatgaccatttcactcaata",26,15425,15450,"62.01","42.31","2.54",126,1,0.467966115702479,0.480509917355372
"tccgcaatttacaacacaga",20,15599,15618,"55.60","40.00","accttgagatgcataagtgc",20,15743,15762,"55.81","45.00","0.21",164,7,0.391434710743802,1.19345537190083
"ccgcaatttacaacacagac",20,15600,15619,"55.60","45.00","accttgagatgcataagtgc",20,15743,15762,"55.81","45.00","0.21",163,7,0.391434710743802,1.19345537190083
"atagcacttatgcatctcaagg",22,15740,15761,"56.02","40.91","ctcagtccaacattttgcttc",21,15826,15846,"55.70","42.86","0.32",107,3,0.369780165289256,0.394120661157025
"tgaccttactaaaggacctca",21,15849,15869,"55.34","42.86","tgggtaaggaaggtacacataa",22,15915,15936,"56.18","40.91","0.84",88,2,0.0287487603305785,0.435173553719008
"gaccttactaaaggacctcatg",22,15850,15871,"55.63","45.45","tgggtaaggaaggtacacataa",22,15915,15936,"56.18","40.91","0.55",87,2,0.242047107438017,0.435173553719008
"accttactaaaggacctcatga",22,15851,15872,"55.91","40.91","tgggtaaggaaggtacacataa",22,15915,15936,"56.18","40.91","0.27",86,2,0.238798347107438,0.435173553719008
"acatgatgagttaacaggacac",22,16113,16134,"56.10","40.91","gcctgtaagactgtatgcg",19,16220,16238,"55.83","52.63","0.27",126,2,0.521556198347108,0.718440495867769
"catgatgagttaacaggacaca",22,16114,16135,"56.10","40.91","gcctgtaagactgtatgcg",19,16220,16238,"55.83","52.63","0.27",125,2,0.520156198347107,0.718440495867769
"tgatgagttaacaggacacatg",22,16116,16137,"56.10","40.91","gcctgtaagactgtatgcg",19,16220,16238,"55.83","52.63","0.27",123,2,0.226548760330578,0.718440495867769
"tcaaggtattgggaacctga",20,16177,16196,"55.73","45.00","caccacatcttaatgaagtctgtg",24,16265,16288,"57.83","41.67","2.10",112,2,0.0940487603305785,0.2811
"caaggtattgggaacctgag",20,16178,16197,"55.42","50.00","caccacatcttaatgaagtctgtg",24,16265,16288,"57.83","41.67","2.41",111,2,0.108614876033058,0.2811
"ggtattgggaacctgagtttta",22,16181,16202,"55.70","40.91","caccacatcttaatgaagtctgtg",24,16265,16288,"57.83","41.67","2.13",108,2,0.0321,0.2811
"aggttgtgatgtcacagatg",20,16395,16414,"55.37","45.00","gtccattagcacacaatgga",20,16479,16498,"55.73","45.00","0.36",104,3,0.450709917355372,0.17367520661157
"ggttgtgatgtcacagatgtg",21,16396,16416,"57.18","47.62","gtccattagcacacaatgga",20,16479,16498,"55.73","45.00","1.45",103,3,0.244066115702479,0.17367520661157
"gttgtgatgtcacagatgtga",21,16397,16417,"56.20","42.86","gtccattagcacacaatgga",20,16479,16498,"55.73","45.00","0.47",102,3,0.244066115702479,0.17367520661157
"ttgtgatgtcacagatgtgac",21,16398,16418,"56.20","42.86","gtccattagcacacaatgga",20,16479,16498,"55.73","45.00","0.47",101,3,0.154376859504132,0.17367520661157
"gtgatgtcacagatgtgactc",21,16400,16420,"56.38","47.62","gtccattagcacacaatgga",20,16479,16498,"55.73","45.00","0.65",99,3,0.527517355371901,0.17367520661157
"ccattagttttccattgtgtgc",22,16469,16490,"56.48","40.91","tctgctgcaaaaagcttga",19,16625,16643,"55.94","42.11","0.54",175,3,0.0334,0.224055371900826
"tggacaaatgctggtgattac",21,16576,16596,"56.51","42.86","taattctctgtcagacagcac",21,16705,16725,"55.37","42.86","1.14",150,2,0.151980165289256,0.492100826446281
"ggacaaatgctggtgattaca",21,16577,16597,"56.51","42.86","taattctctgtcagacagcac",21,16705,16725,"55.37","42.86","1.14",149,2,0.151980165289256,0.492100826446281
"tagtgccacaagagcacta",19,16955,16973,"55.66","47.37","actcttaccagtaccaggtg",20,17084,17103,"55.89","50.00","0.23",149,8,0.036897520661157,0.145738016528926
"gtgccacaagagcactatg",19,16957,16975,"56.32","52.63","actcttaccagtaccaggtg",20,17084,17103,"55.89","50.00","0.43",147,8,0.0338487603305785,0.145738016528926
"tgccacaagagcactatgtta",21,16958,16978,"57.31","42.86","actcttaccagtaccaggtg",20,17084,17103,"55.89","50.00","1.42",146,8,0.349830578512397,0.145738016528926
"ccacaagagcactatgttaga",21,16960,16980,"55.06","42.86","actcttaccagtaccaggtg",20,17084,17103,"55.89","50.00","0.83",144,8,0.348430578512397,0.145738016528926
"ttctgctcgcatagtgtatac",21,17136,17156,"55.34","42.86","tctacacgagcacgtgca",18,17241,17258,"58.96","55.56","3.62",123,3,0.0951347107438017,0.345747107438017
"tctgctcgcatagtgtataca",21,17137,17157,"56.37","42.86","tctacacgagcacgtgca",18,17241,17258,"58.96","55.56","2.59",122,3,0.0979347107438017,0.345747107438017
"ctgctcgcatagtgtatacag",21,17138,17158,"56.07","47.62","tctacacgagcacgtgca",18,17241,17258,"58.96","55.56","2.89",121,3,0.0979347107438017,0.345747107438017
"tgctcgcatagtgtatacagc",21,17139,17159,"57.99","47.62","tctacacgagcacgtgca",18,17241,17258,"58.96","55.56","0.97",120,3,0.0838,0.345747107438017
"tacctgcacgtgctcgtgta",20,17237,17256,"61.52","55.00","tcaggcaatgcatttacagtac",22,17309,17330,"57.04","40.91","4.48",94,4,0.35604132231405,0.439511570247934
"ctgcacgtgctcgtgtaga",19,17240,17258,"60.08","57.89","caggcaatgcatttacagtac",21,17309,17329,"55.57","42.86","4.51",90,4,0.196976859504132,0.444711570247934
"tacattggcgaccctgctc",19,17428,17446,"59.78","57.89","aggaacatgtctggacctata",21,17529,17549,"55.18","42.86","4.60",122,3,0.185389256198347,0.400140495867769
"acattggcgaccctgctca",19,17429,17447,"61.89","57.89","aggacaacgccgacaagttc",20,17552,17571,"60.88","55.00","1.01",143,5,0.145904132231405,0.18635041322314
"attggcgaccctgctcaa",18,17431,17448,"59.24","55.56","aggaacatgtctggacctata",21,17529,17549,"55.18","42.86","4.06",119,3,0.133052892561983,0.400140495867769
"ttggcgaccctgctcaatta",20,17432,17451,"59.67","50.00","aggaacatgtctggacctata",21,17529,17549,"55.18","42.86","4.49",118,3,0.180170247933884,0.400140495867769
"gcgaccctgctcaattac",18,17435,17452,"55.88","55.56","aggaacatgtctggacctata",21,17529,17549,"55.18","42.86","0.70",115,3,0.194670247933884,0.400140495867769
"gaacttgtcggcgttgtc",18,17552,17569,"56.80","55.56","gcctatttgtggcctgtta",19,17700,17718,"55.15","47.37","1.65",167,5,0.15137520661157,0.306123140495868
"aacttgtcggcgttgtcc",18,17553,17570,"58.27","55.56","gcctatttgtggcctgtta",19,17700,17718,"55.15","47.37","3.12",166,5,0.1224,0.306123140495868
"acttgtcggcgttgtcctg",19,17554,17572,"60.59","57.89","cgcctatttgtggcctgtta",20,17700,17719,"58.25","50.00","2.34",166,5,0.134109917355372,0.296523140495868
"gaaattgttgacactgtgagtg",22,17575,17596,"56.13","40.91","gcctatttgtggcctgtta",19,17700,17718,"55.15","47.37","0.98",144,4,0.0823528925619835,0.306123140495868
"aaattgttgacactgtgagtgc",22,17576,17597,"57.97","40.91","gcctatttgtggcctgtta",19,17700,17718,"55.15","47.37","2.82",143,4,0.0755487603305785,0.306123140495868
"ggacatgacctatagaagactca",23,18180,18202,"56.63","43.48","gtaccaacagcttctctagtag",22,18326,18347,"55.42","45.45","1.21",168,3,0.146048760330579,0.492910743801653
"cgcgaagaagctataagaca",20,18265,18284,"55.42","45.00","aggtgtatcaacataacctgtagg",24,18400,18423,"57.76","41.67","2.34",159,4,0.846932231404959,0.692807438016529
"gcgaagaagctataagacatgtac",24,18266,18289,"57.56","41.67","aggtgtatcaacataacctgtagg",24,18400,18423,"57.76","41.67","0.20",158,4,0.896621487603306,0.692807438016529
"cgaagaagctataagacatgtacg",24,18267,18290,"57.34","41.67","aggtgtatcaacataacctgtagg",24,18400,18423,"57.76","41.67","0.42",157,4,0.608820661157025,0.692807438016529
"ttccttggaatgtagtgcgta",21,18509,18529,"57.03","42.86","tgtggcacgtctatcacata",20,18665,18684,"56.37","45.00","0.66",176,10,0.16670826446281,0.666595867768595
"ccttggaatgtagtgcgtata",21,18511,18531,"55.22","42.86","tgtggcacgtctatcacata",20,18665,18684,"56.37","45.00","1.15",174,10,0.480248760330579,0.666595867768595
"ttatgggcacatggctttg",19,18592,18610,"56.15","47.37","tgtggcacgtctatcacata",20,18665,18684,"56.37","45.00","0.22",93,3,0.1802,0.666595867768595
"atgggcacatggctttga",18,18594,18611,"57.13","50.00","tgtggcacgtctatcacata",20,18665,18684,"56.37","45.00","0.76",91,3,0.1206,0.666595867768595
"tgggcacatggctttgag",18,18595,18612,"57.90","55.56","tgtggcacgtctatcacata",20,18665,18684,"56.37","45.00","1.53",90,3,0.157828099173554,0.666595867768595
"gggcacatggctttgagttg",20,18596,18615,"60.04","55.00","tgtggcacgtctatcacata",20,18665,18684,"56.37","45.00","3.67",89,3,0.897515702479339,0.666595867768595
"gcacatggctttgagttga",19,18598,18616,"56.43","47.37","tgtggcacgtctatcacata",20,18665,18684,"56.37","45.00","0.06",87,3,0.900715702479339,0.666595867768595
"tgttgtctatgtgatagacgtg",22,18658,18679,"55.70","40.91","aaccccattgttgaacatca",20,18765,18784,"55.42","40.00","0.28",127,4,0.232626446280992,0.162504132231405
"ttgtctatgtgatagacgtgcca",23,18660,18682,"59.55","43.48","aaccccattgttgaacatca",20,18765,18784,"55.42","40.00","4.13",125,4,0.57227520661157,0.162504132231405
"ttttccactgcttcagacac",20,18688,18707,"56.19","45.00","aaccccattgttgaacatca",20,18765,18784,"55.42","40.00","0.77",97,3,0.453647107438017,0.162504132231405
"ttccactgcttcagacactta",21,18690,18710,"56.88","42.86","aaccccattgttgaacatca",20,18765,18784,"55.42","40.00","1.46",95,3,0.28705867768595,0.162504132231405
"ccactgcttcagacacttatg",21,18692,18712,"56.63","47.62","aaccccattgttgaacatca",20,18765,18784,"55.42","40.00","1.21",93,3,0.274914049586777,0.162504132231405
"cactgcttcagacacttatgc",21,18693,18713,"57.26","47.62","aaccccattgttgaacatca",20,18765,18784,"55.42","40.00","1.84",92,3,0.256704132231405,0.162504132231405
"atggtaatgcacatgtagctag",22,18830,18851,"56.03","40.91","tgttgaacctttctacaagcc",21,18960,18980,"56.37","42.86","0.34",151,3,0.123,0.681546280991735
"ggtaatgcacatgtagctagttg",23,18832,18854,"57.59","43.48","tgttgaacctttctacaagcc",21,18960,18980,"56.37","42.86","1.22",149,3,0.125704132231405,0.681546280991735
"tagctgtccacgagtgctttg",21,18878,18898,"60.61","52.38","tgttgaacctttctacaagcc",21,18960,18980,"56.37","42.86","4.24",103,2,0.181197520661157,0.681546280991735
"tgtccacgagtgctttgtta",20,18882,18901,"57.39","45.00","tgttgaacctttctacaagcc",21,18960,18980,"56.37","42.86","1.02",99,2,0.142952892561983,0.681546280991735
"tccacgagtgctttgttaag",20,18884,18903,"56.01","45.00","tgttgaacctttctacaagcc",21,18960,18980,"56.37","42.86","0.36",97,2,0.0826082644628099,0.681546280991735
"cggcttgtagaaaggttca",19,18959,18977,"55.15","47.37","ctacatcagcttgaggtacac",21,19058,19078,"55.81","47.62","0.66",120,7,0.600440495867769,0.412088429752066
"ggcttgtagaaaggttcaaca",21,18960,18980,"56.37","42.86","ctacatcagcttgaggtacac",21,19058,19078,"55.81","47.62","0.56",119,7,0.566707438016529,0.412088429752066
"catgtgagtctcatggaaaaca",22,19391,19412,"56.63","40.91","agctaaagccagctgaga",18,19544,19561,"55.45","50.00","1.18",171,2,0.188185123966942,0.872347933884298
"tgtgagtctcatggaaaacaag",22,19393,19414,"56.57","40.91","agctaaagccagctgaga",18,19544,19561,"55.45","50.00","1.12",169,2,0.223410743801653,0.872347933884298
"ggacactttgatggacaaca",20,19657,19676,"55.88","45.00","tggtttaatgttgcgcttagc",21,19795,19815,"57.79","42.86","1.91",159,3,0.861035537190083,0.127609917355372
"aaaagagatgctccagcac",19,19885,19903,"55.49","47.37","cagtgagtggtgcacaaa",18,19964,19981,"55.42","50.00","0.07",97,2,0.287646280991736,0.711138016528926
"aaagagatgctccagcaca",19,19886,19904,"56.65","47.37","cagtgagtggtgcacaaa",18,19964,19981,"55.42","50.00","1.23",96,2,0.277980165289256,0.711138016528926
"agagatgctccagcacata",19,19888,19906,"55.47","47.37","cagtgagtggtgcacaaa",18,19964,19981,"55.42","50.00","0.05",94,2,0.352669421487603,0.711138016528926
"gagatgctccagcacatatatc",22,19889,19910,"56.27","45.45","cagtgagtggtgcacaaa",18,19964,19981,"55.42","50.00","0.85",93,2,0.574890082644628,0.711138016528926
"atttgtgcaccactcactg",19,19963,19981,"56.04","47.37","agcttgtttgggacctaca",19,20082,20100,"56.14","47.37","0.10",138,3,0.728986776859504,1.56981900826446
"gctagctcttggaggttcc",19,21138,21156,"57.23","57.89","tccaccatgcgaagtgtc",18,21212,21229,"57.31","55.56","0.08",92,1,0.574843801652893,0.41190826446281
"ctagctcttggaggttccg",19,21139,21157,"56.95","57.89","tccaccatgcgaagtgtc",18,21212,21229,"57.31","55.56","0.36",91,1,0.538892561983471,0.41190826446281
"ctcttggaggttccgtggcta",21,21143,21163,"61.51","57.14","tccaccatgcgaagtgtc",18,21212,21229,"57.31","55.56","4.20",87,1,0.672943801652893,0.41190826446281
"cttttaagtgttatggagtgtctcc",25,22689,22713,"57.63","40.00","cagcctgtaaaatcatctggta",22,22836,22857,"55.88","40.91","1.75",169,7,0.190711570247934,0.585204132231405
"aggcacaggtgttcttactgag",22,23203,23224,"59.96","50.00","aagtgtctgtggatcacggacagc",24,23285,23308,"64.89","54.17","4.93",106,4,0.889329752066116,1.0192479338843
"ggcacaggtgttcttactgagtc",23,23204,23226,"61.11","52.17","aagtgtctgtggatcacggacagc",24,23285,23308,"64.89","54.17","3.78",105,4,0.823889256198347,1.0192479338843
"gcacaggtgttcttactgagtcta",24,23205,23228,"60.02","45.83","aagtgtctgtggatcacggacagc",24,23285,23308,"64.89","54.17","4.87",104,4,1.04858181818182,1.0192479338843
"caacaatttggcagagacattg",22,23249,23270,"56.76","40.91","agggacttctgtgcagtta",19,23407,23425,"55.54","47.37","1.22",177,7,1.26555041322314,0.525644628099174
"gctgtccgtgatccacaga",19,23285,23303,"59.41","57.89","agggacttctgtgcagtta",19,23407,23425,"55.54","47.37","3.87",141,4,0.811227272727273,0.525644628099174
"tgtccgtgatccacagac",18,23287,23304,"56.27","55.56","agggacttctgtgcagtta",19,23407,23425,"55.54","47.37","0.73",139,4,0.582088429752066,0.525644628099174
"gtccgtgatccacagaca",18,23288,23305,"56.27","55.56","agggacttctgtgcagtta",19,23407,23425,"55.54","47.37","0.73",138,4,0.599351239669421,0.525644628099174
"tccgtgatccacagacac",18,23289,23306,"56.27","55.56","agggacttctgtgcagtta",19,23407,23425,"55.54","47.37","0.73",137,4,0.861851239669421,0.525644628099174
"ccgtgatccacagacacttg",20,23290,23309,"58.57","55.00","agggacttctgtgcagtta",19,23407,23425,"55.54","47.37","3.03",136,4,0.961255371900826,0.525644628099174
"tgttaactgcacagaagtcc",20,23404,23423,"55.62","45.00","ccctattaaacagcctgcac",20,23499,23518,"56.48","50.00","0.86",115,2,0.710626446280992,1.16159752066116
"catcaaaaccaagcaagagg",20,23988,24007,"55.15","45.00","ttgtttgatgaagccagca",19,24052,24070,"55.61","42.11","0.46",83,2,0.626414876033058,0.253528099173554
"atcaaaaccaagcaagaggtc",21,23989,24009,"56.71","42.86","ttgtttgatgaagccagca",19,24052,24070,"55.61","42.11","1.10",82,2,0.589031404958678,0.253528099173554
"caaaaccaagcaagaggtca",20,23991,24010,"56.46","45.00","ttgtttgatgaagccagca",19,24052,24070,"55.61","42.11","0.85",80,2,0.633996694214876,0.253528099173554
"aaagtgacacttgcagatgc",20,24035,24054,"56.93","45.00","acagtgcagaagtgtattgag",21,24174,24194,"55.92","42.86","1.01",160,6,0.221752892561983,1.26148595041322
"gtgacacttgcagatgctg",19,24038,24056,"56.94","52.63","acagtgcagaagtgtattgag",21,24174,24194,"55.92","42.86","1.02",157,6,0.242228099173554,1.26148595041322
"acagcaagtgcacttgga",18,24383,24400,"57.02","50.00","ggagctaagttgtttaacaagc",22,24445,24466,"55.92","40.91","1.10",84,4,0.88500826446281,0.333415702479339
"cagcaagtgcacttggaa",18,24384,24401,"55.81","50.00","ggagctaagttgtttaacaagc",22,24445,24466,"55.92","40.91","0.11",83,4,0.88500826446281,0.333415702479339
"agcaagtgcacttggaaaa",19,24385,24403,"55.84","42.11","ggagctaagttgtttaacaagc",22,24445,24466,"55.92","40.91","0.08",82,4,0.892347933884297,0.333415702479339
"gcaagtgcacttggaaaac",19,24386,24404,"55.84","47.37","ggagctaagttgtttaacaagc",22,24445,24466,"55.92","40.91","0.08",81,4,0.909557851239669,0.333415702479339
"caagtgcacttggaaaacttc",21,24387,24407,"56.19","42.86","ggagctaagttgtttaacaagc",22,24445,24466,"55.92","40.91","0.27",80,4,0.925271074380165,0.333415702479339
"agtgcacttggaaaacttca",20,24389,24408,"55.70","40.00","ggagctaagttgtttaacaagc",22,24445,24466,"55.92","40.91","0.22",78,4,0.683830578512397,0.333415702479339
"cacgtcttgacaaagttgagg",21,24507,24527,"57.41","47.62","agcagcaagattagcagaag",20,24621,24640,"55.83","45.00","1.58",134,1,0.322606611570248,0.036804132231405
"gtcttgacaaagttgaggctga",22,24510,24531,"58.79","45.45","agcagcaagattagcagaag",20,24621,24640,"55.83","45.00","2.96",131,1,0.450007438016529,0.036804132231405
"ttgacaaagttgaggctgaa",20,24513,24532,"55.41","40.00","agcagcaagattagcagaag",20,24621,24640,"55.83","45.00","0.42",128,1,0.656347107438017,0.036804132231405
"cttctgctaatcttgctgcta",21,24621,24641,"55.78","42.86","tacaccatgaggtgctgac",19,24724,24742,"56.76","52.63","0.98",122,1,0.0386661157024793,0.838914049586777
"aaatgtcagagtgtgtacttgg",22,24645,24666,"56.30","40.91","ttcttgtgcagggacataagtc",22,24757,24778,"58.33","45.45","2.03",134,2,0.13678347107438,0.836071900826446
"atgtcagagtgtgtacttgga",21,24647,24667,"56.32","42.86","ttcttgtgcagggacataagtc",22,24757,24778,"58.33","45.45","2.01",132,2,0.151887603305785,0.836071900826446
"aaaatgtcagagtgtgtacttggac",25,24644,24668,"59.47","40.00","ttcttgtgcagggacataagtc",22,24757,24778,"58.33","45.45","1.14",135,2,0.125938842975207,0.836071900826446
"gcatgtgacttatgtccctgca",22,24751,24772,"60.94","50.00","gtgccatttgaaacaaagacac",22,24840,24861,"57.22","40.91","3.72",111,5,1.14436115702479,0.411015702479339
"gtgacttatgtccctgcac",19,24755,24773,"55.62","52.63","gtgccatttgaaacaaagacac",22,24840,24861,"57.22","40.91","1.60",107,5,1.12306115702479,0.411015702479339
"tgacttatgtccctgcaca",19,24756,24774,"55.94","47.37","gtgccatttgaaacaaagacac",22,24840,24861,"57.22","40.91","1.28",106,5,0.862860330578512,0.411015702479339
"tgacatctctggcattaatgc",21,25063,25083,"56.38","42.86","ggcaatcaagccagctataaaa",22,25219,25240,"57.35","40.91","0.97",178,7,0.250385123966942,0.801684297520661
"gacatctctggcattaatgcttc",23,25064,25086,"57.89","43.48","ggcaatcaagccagctataaaa",22,25219,25240,"57.35","40.91","0.54",177,7,0.141048760330579,0.801684297520661
"caaaaagaaattgaccgcctca",22,25100,25121,"58.02","40.91","ggcaatcaagccagctataaaa",22,25219,25240,"57.35","40.91","0.67",141,5,0.0652322314049587,0.801684297520661
"aaagaaattgaccgcctcaa",20,25103,25122,"55.85","40.00","ggcaatcaagccagctataaaa",22,25219,25240,"57.35","40.91","1.50",138,5,0.0463661157024793,0.801684297520661
"ttttatagctggcttgattgcc",22,25219,25240,"57.35","40.91","agaacaacagcccttgaga",19,25291,25309,"56.16","47.37","1.19",91,4,0.527378512396694,0.739567768595041
"tagctggcttgattgcca",18,25224,25241,"56.50","50.00","agaacaacagcccttgaga",19,25291,25309,"56.16","47.37","0.34",86,4,0.532570247933884,0.739567768595041
"agctggcttgattgccata",19,25225,25243,"57.09","47.37","agaacaacagcccttgaga",19,25291,25309,"56.16","47.37","0.93",85,4,0.765945454545454,0.739567768595041
"tgggaatctggagtaaaagactg",23,25969,25991,"57.83","43.48","actcaattgagttgagtacagc",22,26031,26052,"56.39","40.91","1.44",84,6,0.613156198347107,1.01622479338843
"ggaatctggagtaaaagactgtg",23,25971,25993,"56.88","43.48","actcaattgagttgagtacagc",22,26031,26052,"56.39","40.91","0.49",82,6,0.616504958677686,1.01622479338843
"agctgtactcaactcaattgag",22,26030,26051,"56.12","40.91","tgaaccgtcgattgtgtga",19,26130,26148,"57.03","47.37","0.91",119,10,1.21374132231405,0.45644958677686
"gtacgcgttccatgtggtc",19,26836,26854,"58.92","57.89","tcacagcgtcctagatgg",18,26984,27001,"55.70","55.56","3.22",166,13,0.2305,1.13221983471074
"atccttcgtggacatcttcg",20,26952,26971,"57.41","50.00","cagcaaaacctgagtcacc",19,27087,27105,"56.45","52.63","0.96",154,7,0.789907438016529,0.763819008264463
"attgctggacaccatctagg",20,26973,26992,"56.98","50.00","cagcaaaacctgagtcacc",19,27087,27105,"56.45","52.63","0.53",133,6,0.39601652892562,0.763819008264463
"gctggacaccatctagga",18,26976,26993,"55.22","55.56","cagcaaaacctgagtcacc",19,27087,27105,"56.45","52.63","1.23",130,6,0.692213223140496,0.763819008264463
"gagctttatcactaccaagagtg",23,27439,27461,"56.71","43.48","tcaggacaagcaaaagcaa",19,27581,27599,"55.53","42.11","1.18",161,22,0.1742,0.109712396694215
"ggtttacccaataatactgcgtcttg",26,28403,28428,"60.46","42.31","aattggaacgccttgtcctc",20,28476,28495,"58.47","50.00","1.99",93,6,0.035504132231405,0.534199173553719
"gctctcactcaacatggc",18,28436,28453,"55.78","55.56","aataccatcttggactgagatc",22,28580,28601,"55.05","40.91","0.73",166,8,0.115823966942149,0.538189256198347
"ctctcactcaacatggcaa",19,28437,28455,"55.12","47.37","aataccatcttggactgagatc",22,28580,28601,"55.05","40.91","0.07",165,8,0.10787520661157,0.538189256198347
"tctcactcaacatggcaag",19,28438,28456,"55.12","47.37","aataccatcttggactgagatc",22,28580,28601,"55.05","40.91","0.07",164,8,0.127709917355372,0.538189256198347
"ctcactcaacatggcaagg",19,28439,28457,"56.21","52.63","aataccatcttggactgagatc",22,28580,28601,"55.05","40.91","1.16",163,8,0.127709917355372,0.538189256198347
"tcactcaacatggcaagga",19,28440,28458,"56.56","47.37","aataccatcttggactgagatc",22,28580,28601,"55.05","40.91","1.51",162,8,0.0977347107438016,0.538189256198347
"cactcaacatggcaaggaa",19,28441,28459,"55.71","47.37","aataccatcttggactgagatc",22,28580,28601,"55.05","40.91","0.66",161,8,0.360234710743802,0.538189256198347
"tcgaggacaaggcgttcca",19,28474,28492,"61.20","57.89","agcaccatagggaagtcca",19,28630,28648,"57.58","52.63","3.62",175,7,0.227842975206612,0.790261157024793
"cgaggacaaggcgttccaa",19,28475,28493,"60.30","57.89","agcaccatagggaagtcc",18,28631,28648,"55.51","55.56","4.79",174,7,0.22919173553719,0.793912396694215
"aggacaaggcgttccaatta",20,28477,28496,"57.13","45.00","agcaccatagggaagtcc",18,28631,28648,"55.51","55.56","1.62",172,7,0.519726446280992,0.793912396694215
"ctaccagacgaattcgtggtg",21,28542,28562,"58.74","52.38","agcaccatagggaagtcc",18,28631,28648,"55.51","55.56","3.23",107,3,0.121148760330579,0.793912396694215
"cagacgaattcgtggtggtg",20,28546,28565,"59.21","55.00","agcaccatagggaagtcc",18,28631,28648,"55.51","55.56","3.70",103,3,0.125848760330579,0.793912396694215
"acgaattcgtggtggtga",18,28549,28566,"56.50","50.00","agcaccatagggaagtcc",18,28631,28648,"55.51","55.56","0.99",100,3,0.0717,0.793912396694215
"ggcatcatatgggttgca",18,28658,28675,"55.01","50.00","ggaacgagaagaggcttg",18,28814,28831,"55.07","55.56","0.06",174,12,0.326590082644628,0.159666115702479
"gccaaactgtcactaagaaatc",22,29001,29022,"55.65","40.91","tgttctggaccacgtctg",18,29098,29115,"56.51","55.56","0.86",115,5,0.0300487603305785,0.488997520661157
"ccaaactgtcactaagaaatctgc",24,29002,29025,"58.31","41.67","tgttctggaccacgtctg",18,29098,29115,"56.51","55.56","1.80",114,5,0.039101652892562,0.488997520661157
"caaaaacgtactgccactaaag",22,29051,29072,"56.21","40.91","tggtccccaaaatttccttg",20,29120,29139,"56.09","45.00","0.12",89,5,0.743688429752066,0.117104132231405
"aaaaacgtactgccactaaagc",22,29052,29073,"57.78","40.91","tggtccccaaaatttccttg",20,29120,29139,"56.09","45.00","1.69",88,5,0.793188429752066,0.117104132231405
"cgtactgccactaaagcata",20,29057,29076,"55.29","45.00","tggtccccaaaatttccttg",20,29120,29139,"56.09","45.00","0.80",83,5,1.15194876033058,0.117104132231405
"gcagacgtggtccagaaca",19,29097,29115,"59.93","57.89","tgtgacttccatgccaatg",19,29230,29248,"55.79","47.37","4.14",152,10,0.159425619834711,0.0268570247933884
"agacgtggtccagaacaa",18,29099,29116,"55.65","50.00","tgtgacttccatgccaatg",19,29230,29248,"55.79","47.37","0.14",150,10,0.0987743801652893,0.0268570247933884
"gacgtggtccagaacaaac",19,29100,29118,"56.49","52.63","tgtgacttccatgccaatg",19,29230,29248,"55.79","47.37","0.70",149,10,0.049897520661157,0.0268570247933884
"caaggaaattttggggacca",20,29120,29139,"56.09","45.00","tgtgacttccatgccaatg",19,29230,29248,"55.79","47.37","0.30",129,9,0.113748760330579,0.0268570247933884
